ts,open,high,low,close,volume
2025-08-31T16:00:00+00:00,4482.6,4485.0,4472.16,4474.0,24213.695
2025-08-31T16:15:00+00:00,4473.99,4474.5,4460.9,4466.76,22324.282
2025-08-31T16:30:00+00:00,4466.75,4469.4,4457.33,4468.56,38081.681
2025-08-31T16:45:00+00:00,4468.56,4474.59,4463.41,4469.17,18948.057
2025-08-31T17:00:00+00:00,4469.16,4479.88,4466.24,4479.87,12902.009
2025-08-31T17:15:00+00:00,4479.87,4485.58,4471.28,4480.91,18035.578
2025-08-31T17:30:00+00:00,4480.9,4485.42,4475.0,4481.4,16906.934
2025-08-31T17:45:00+00:00,4481.39,4484.38,4473.65,4474.36,9401.927
2025-08-31T18:00:00+00:00,4474.37,4481.52,4470.0,4480.82,8613.892
2025-08-31T18:15:00+00:00,4480.82,4485.58,4475.45,4476.29,12713.8
2025-08-31T18:30:00+00:00,4476.28,4484.91,4475.03,4479.13,7947.747
2025-08-31T18:45:00+00:00,4479.13,4488.88,4478.8,4486.74,12975.468
2025-08-31T19:00:00+00:00,4486.73,4487.54,4470.91,4471.95,11042.149
2025-08-31T19:15:00+00:00,4471.95,4476.0,4466.41,4467.05,11327.141
2025-08-31T19:30:00+00:00,4467.05,4476.89,4466.45,4473.86,7825.338
2025-08-31T19:45:00+00:00,4473.86,4473.86,4451.38,4453.01,23371.553
2025-08-31T20:00:00+00:00,4453.01,4459.81,4442.0,4458.03,30104.596
2025-08-31T20:15:00+00:00,4458.03,4459.88,4448.33,4456.73,10268.401
2025-08-31T20:30:00+00:00,4456.72,4459.88,4447.4,4451.05,6575.087
2025-08-31T20:45:00+00:00,4451.04,4455.95,4448.94,4452.44,6469.266
2025-08-31T21:00:00+00:00,4452.44,4463.24,4447.66,4463.24,8908.751
2025-08-31T21:15:00+00:00,4463.24,4463.81,4455.8,4458.96,5619.692
2025-08-31T21:30:00+00:00,4458.94,4475.19,4457.54,4473.53,9205.169
2025-08-31T21:45:00+00:00,4473.54,4473.59,4464.0,4467.97,6527.582
2025-08-31T22:00:00+00:00,4467.97,4470.0,4450.03,4464.85,20322.509
2025-08-31T22:15:00+00:00,4464.85,4471.96,4464.72,4466.2,7858.272
2025-08-31T22:30:00+00:00,4466.19,4466.19,4438.44,4440.32,23164.652
2025-08-31T22:45:00+00:00,4440.32,4444.33,4431.01,4442.58,35111.218
2025-08-31T23:00:00+00:00,4442.57,4442.88,4421.01,4432.44,33746.201
2025-08-31T23:15:00+00:00,4432.45,4432.45,4401.28,4405.7,63106.849
2025-08-31T23:30:00+00:00,4405.71,4405.8,4376.0,4385.0,79754.55
2025-08-31T23:45:00+00:00,4385.0,4392.64,4380.14,4389.71,32050.158
2025-09-01T00:00:00+00:00,4389.71,4394.5,4370.0,4385.0,46964.973
2025-09-01T00:15:00+00:00,4385.01,4392.22,4361.81,4372.36,51740.37
2025-09-01T00:30:00+00:00,4372.36,4399.3,4358.19,4394.0,56457.519
2025-09-01T00:45:00+00:00,4393.99,4409.27,4387.36,4394.24,46712.995
2025-09-01T01:00:00+00:00,4394.24,4405.83,4381.3,4391.75,32299.373
2025-09-01T01:15:00+00:00,4391.76,4407.84,4381.84,4405.61,32259.861
2025-09-01T01:30:00+00:00,4405.61,4423.86,4399.4,4422.76,44398.735
2025-09-01T01:45:00+00:00,4422.76,4430.0,4405.04,4414.55,31957.324
2025-09-01T02:00:00+00:00,4414.56,4417.98,4388.04,4395.0,40265.106
2025-09-01T02:15:00+00:00,4395.0,4397.57,4374.13,4390.12,43653.305
2025-09-01T02:30:00+00:00,4390.12,4391.89,4367.54,4376.52,42156.609
2025-09-01T02:45:00+00:00,4376.51,4388.0,4363.46,4384.99,36830.547
2025-09-01T03:00:00+00:00,4384.99,4396.64,4372.05,4376.76,36812.852
2025-09-01T03:15:00+00:00,4376.75,4382.45,4369.32,4381.8,19251.524
2025-09-01T03:30:00+00:00,4381.8,4389.96,4370.0,4389.96,21005.771
2025-09-01T03:45:00+00:00,4389.95,4406.78,4383.8,4401.39,29686.894
2025-09-01T04:00:00+00:00,4401.38,4409.75,4393.0,4403.47,22540.405
2025-09-01T04:15:00+00:00,4403.46,4404.56,4380.13,4386.82,28202.355
2025-09-01T04:30:00+00:00,4386.81,4387.11,4370.0,4376.84,25890.106
2025-09-01T04:45:00+00:00,4376.84,4387.95,4370.98,4383.29,20590.365
2025-09-01T05:00:00+00:00,4383.29,4391.0,4361.0,4372.34,40707.579
2025-09-01T05:15:00+00:00,4372.34,4393.43,4356.29,4391.2,57332.258
2025-09-01T05:30:00+00:00,4391.19,4404.33,4383.77,4402.9,32090.67
2025-09-01T05:45:00+00:00,4402.89,4404.38,4392.0,4392.8,22043.602
2025-09-01T06:00:00+00:00,4392.8,4395.29,4372.66,4387.3,27677.159
2025-09-01T06:15:00+00:00,4387.31,4400.72,4379.35,4394.59,23306.289
2025-09-01T06:30:00+00:00,4394.6,4406.0,4391.82,4403.43,20096.617
2025-09-01T06:45:00+00:00,4403.42,4406.91,4394.3,4395.16,14319.475
2025-09-01T07:00:00+00:00,4395.16,4401.1,4377.97,4379.06,22994.666
2025-09-01T07:15:00+00:00,4379.06,4423.0,4378.39,4419.05,57294.514
2025-09-01T07:30:00+00:00,4419.09,4435.58,4411.76,4419.98,70899.81
2025-09-01T07:45:00+00:00,4419.99,4463.12,4418.89,4460.7,108461.603
2025-09-01T08:00:00+00:00,4460.71,4489.85,4460.14,4472.37,134139.472
2025-09-01T08:15:00+00:00,4472.37,4478.98,4463.77,4465.53,42128.557
2025-09-01T08:30:00+00:00,4465.54,4474.0,4465.0,4469.54,28309.986
2025-09-01T08:45:00+00:00,4469.53,4481.37,4466.02,4473.7,22895.0
2025-09-01T09:00:00+00:00,4473.7,4480.0,4469.08,4479.59,21208.609
2025-09-01T09:15:00+00:00,4479.59,4480.9,4473.0,4474.39,13812.628
2025-09-01T09:30:00+00:00,4474.4,4480.0,4455.47,4459.86,47782.066
2025-09-01T09:45:00+00:00,4459.85,4459.86,4436.13,4439.74,54968.297
2025-09-01T10:00:00+00:00,4439.74,4442.99,4423.0,4441.38,53257.192
2025-09-01T10:15:00+00:00,4441.38,4444.27,4428.0,4430.0,22795.049
2025-09-01T10:30:00+00:00,4429.99,4430.0,4390.28,4400.17,93694.649
2025-09-01T10:45:00+00:00,4400.17,4408.0,4388.04,4407.04,42992.925
2025-09-01T11:00:00+00:00,4407.05,4414.12,4398.54,4400.8,30017.565
2025-09-01T11:15:00+00:00,4400.79,4406.88,4396.04,4399.99,17919.594
2025-09-01T11:30:00+00:00,4400.0,4400.43,4381.0,4381.71,41131.507
2025-09-01T11:45:00+00:00,4381.7,4399.13,4381.2,4391.7,27169.829
2025-09-01T12:00:00+00:00,4391.69,4405.29,4382.65,4398.5,28789.341
2025-09-01T12:15:00+00:00,4398.5,4411.14,4392.95,4403.1,20715.849
2025-09-01T12:30:00+00:00,4403.17,4407.91,4392.37,4396.0,18479.967
2025-09-01T12:45:00+00:00,4396.01,4404.66,4393.6,4401.65,16059.041
2025-09-01T13:00:00+00:00,4401.66,4411.68,4395.09,4406.59,23015.28
2025-09-01T13:15:00+00:00,4406.59,4422.0,4396.4,4413.96,34351.861
2025-09-01T13:30:00+00:00,4413.96,4414.6,4384.07,4385.18,48180.471
2025-09-01T13:45:00+00:00,4385.18,4389.55,4370.02,4384.04,60721.26
2025-09-01T14:00:00+00:00,4384.03,4398.83,4382.0,4396.2,26091.534
2025-09-01T14:15:00+00:00,4396.2,4401.7,4385.2,4396.58,16044.975
2025-09-01T14:30:00+00:00,4396.58,4400.18,4382.35,4389.8,17861.179
2025-09-01T14:45:00+00:00,4389.8,4400.8,4378.19,4394.44,26195.595
2025-09-01T15:00:00+00:00,4394.43,4403.71,4373.09,4382.6,36760.835
2025-09-01T15:15:00+00:00,4382.59,4388.69,4366.73,4369.41,39703.489
2025-09-01T15:30:00+00:00,4369.41,4373.2,4359.09,4365.78,45338.446
2025-09-01T15:45:00+00:00,4365.78,4372.64,4343.0,4359.71,72264.42
2025-09-01T16:00:00+00:00,4359.74,4365.91,4347.17,4364.0,37790.947
2025-09-01T16:15:00+00:00,4364.0,4370.38,4352.69,4360.0,26694.53
2025-09-01T16:30:00+00:00,4360.0,4366.85,4351.02,4360.92,20258.45
2025-09-01T16:45:00+00:00,4360.92,4366.0,4344.14,4354.12,25622.869
2025-09-01T17:00:00+00:00,4354.12,4357.0,4315.28,4325.0,96540.974
2025-09-01T17:15:00+00:00,4325.01,4335.4,4307.41,4316.89,71834.649
2025-09-01T17:30:00+00:00,4316.88,4323.24,4307.24,4322.26,36367.642
2025-09-01T17:45:00+00:00,4322.26,4328.6,4313.14,4320.9,25538.457
2025-09-01T18:00:00+00:00,4320.9,4341.12,4320.76,4338.5,29391.214
2025-09-01T18:15:00+00:00,4338.49,4345.0,4333.82,4341.33,21692.322
2025-09-01T18:30:00+00:00,4341.33,4345.66,4333.33,4341.24,14710.887
2025-09-01T18:45:00+00:00,4341.24,4347.99,4340.37,4345.0,14224.629
2025-09-01T19:00:00+00:00,4345.0,4354.77,4340.3,4350.22,15647.873
2025-09-01T19:15:00+00:00,4350.22,4360.84,4347.96,4347.96,15250.574
2025-09-01T19:30:00+00:00,4347.96,4367.71,4347.47,4363.85,14218.188
2025-09-01T19:45:00+00:00,4363.85,4367.31,4355.7,4365.99,9191.57
2025-09-01T20:00:00+00:00,4365.99,4366.5,4354.0,4358.45,11429.983
2025-09-01T20:15:00+00:00,4358.46,4359.08,4342.33,4348.0,19297.504
2025-09-01T20:30:00+00:00,4347.99,4348.0,4269.0,4269.31,129010.631
2025-09-01T20:45:00+00:00,4269.32,4290.74,4260.0,4286.27,94896.965
2025-09-01T21:00:00+00:00,4286.28,4288.64,4248.36,4275.09,67600.694
2025-09-01T21:15:00+00:00,4275.09,4285.26,4267.95,4270.23,22818.299
2025-09-01T21:30:00+00:00,4270.27,4272.68,4208.13,4238.61,100741.197
2025-09-01T21:45:00+00:00,4238.6,4259.9,4227.18,4259.17,41975.608
2025-09-01T22:00:00+00:00,4259.17,4273.99,4249.8,4273.55,42338.659
2025-09-01T22:15:00+00:00,4273.45,4297.85,4268.57,4270.99,37575.518
2025-09-01T22:30:00+00:00,4270.98,4276.06,4257.65,4259.99,26579.94
2025-09-01T22:45:00+00:00,4259.99,4288.82,4258.61,4282.19,27905.451
2025-09-01T23:00:00+00:00,4282.19,4307.11,4281.17,4302.3,34603.87
2025-09-01T23:15:00+00:00,4302.31,4303.4,4286.49,4295.75,17443.757
2025-09-01T23:30:00+00:00,4295.76,4298.8,4280.0,4298.11,20804.465
2025-09-01T23:45:00+00:00,4298.11,4317.99,4297.59,4312.2,35142.437
2025-09-02T00:00:00+00:00,4312.19,4317.26,4298.11,4300.89,34809.894
2025-09-02T00:15:00+00:00,4300.9,4317.31,4300.2,4301.2,17576.627
2025-09-02T00:30:00+00:00,4301.2,4312.9,4290.13,4290.83,25101.17
2025-09-02T00:45:00+00:00,4290.82,4309.59,4288.48,4301.88,17738.494
2025-09-02T01:00:00+00:00,4301.87,4311.95,4297.35,4300.81,18310.949
2025-09-02T01:15:00+00:00,4300.8,4314.0,4290.43,4308.45,22677.853
2025-09-02T01:30:00+00:00,4308.44,4337.07,4295.0,4330.0,44334.5
2025-09-02T01:45:00+00:00,4330.0,4339.44,4320.22,4321.51,48498.718
2025-09-02T02:00:00+00:00,4321.5,4334.84,4317.06,4325.58,20192.878
2025-09-02T02:15:00+00:00,4325.58,4339.9,4313.64,4334.29,27140.263
2025-09-02T02:30:00+00:00,4334.29,4346.91,4323.0,4333.79,33007.183
2025-09-02T02:45:00+00:00,4333.8,4362.0,4331.09,4358.7,52520.156
2025-09-02T03:00:00+00:00,4358.7,4383.72,4351.0,4380.65,102836.728
2025-09-02T03:15:00+00:00,4380.64,4393.0,4367.0,4368.0,54887.668
2025-09-02T03:30:00+00:00,4368.01,4374.01,4362.06,4369.29,26828.384
2025-09-02T03:45:00+00:00,4369.28,4376.06,4362.52,4364.62,18379.045
2025-09-02T04:00:00+00:00,4364.62,4374.86,4358.61,4374.65,22699.591
2025-09-02T04:15:00+00:00,4374.64,4380.54,4372.0,4376.42,17184.067
2025-09-02T04:30:00+00:00,4376.42,4382.0,4373.18,4379.22,23522.578
2025-09-02T04:45:00+00:00,4379.22,4386.25,4375.22,4385.0,18872.676
2025-09-02T05:00:00+00:00,4385.0,4387.14,4367.0,4377.49,28298.691
2025-09-02T05:15:00+00:00,4377.48,4383.86,4374.59,4378.6,17497.192
2025-09-02T05:30:00+00:00,4378.6,4385.0,4376.49,4381.4,11291.895
2025-09-02T05:45:00+00:00,4381.41,4387.44,4380.32,4382.8,10881.28
2025-09-02T06:00:00+00:00,4382.8,4399.86,4379.31,4393.0,36378.954
2025-09-02T06:15:00+00:00,4393.0,4398.63,4389.23,4390.67,18002.312
2025-09-02T06:30:00+00:00,4390.67,4415.6,4387.17,4406.3,61981.694
2025-09-02T06:45:00+00:00,4406.31,4413.53,4400.87,4410.32,27832.945
2025-09-02T07:00:00+00:00,4410.32,4411.95,4391.2,4391.72,26322.984
2025-09-02T07:15:00+00:00,4391.72,4401.42,4385.0,4394.58,26408.122
2025-09-02T07:30:00+00:00,4394.59,4400.48,4380.54,4383.92,27736.702
2025-09-02T07:45:00+00:00,4383.92,4389.09,4366.1,4375.73,54798.558
2025-09-02T08:00:00+00:00,4375.73,4384.8,4366.11,4369.17,26468.75
2025-09-02T08:15:00+00:00,4369.17,4395.0,4367.5,4394.02,33936.496
2025-09-02T08:30:00+00:00,4394.02,4407.58,4385.91,4401.76,31185.273
2025-09-02T08:45:00+00:00,4401.76,4404.0,4390.4,4390.41,21675.471
2025-09-02T09:00:00+00:00,4390.4,4403.66,4383.52,4400.03,22317.435
2025-09-02T09:15:00+00:00,4400.03,4406.0,4389.5,4391.48,23381.942
2025-09-02T09:30:00+00:00,4391.47,4400.3,4387.3,4395.76,14846.584
2025-09-02T09:45:00+00:00,4395.76,4399.0,4391.35,4398.14,8171.461
2025-09-02T10:00:00+00:00,4398.17,4399.42,4390.21,4394.64,8115.172
2025-09-02T10:15:00+00:00,4394.63,4395.44,4381.0,4383.56,21603.43
2025-09-02T10:30:00+00:00,4383.56,4387.2,4376.3,4382.99,21920.679
2025-09-02T10:45:00+00:00,4382.98,4391.86,4380.57,4390.22,12139.23
2025-09-02T11:00:00+00:00,4390.23,4391.33,4375.12,4375.8,16419.42
2025-09-02T11:15:00+00:00,4375.81,4381.36,4365.64,4368.67,34002.516
2025-09-02T11:30:00+00:00,4368.67,4374.86,4362.37,4372.41,29005.74
2025-09-02T11:45:00+00:00,4372.4,4374.79,4338.01,4346.23,75064.711
2025-09-02T12:00:00+00:00,4346.22,4351.72,4320.2,4325.62,87879.508
2025-09-02T12:15:00+00:00,4325.62,4338.39,4320.72,4335.48,40991.743
2025-09-02T12:30:00+00:00,4335.48,4338.2,4287.54,4300.94,86444.038
2025-09-02T12:45:00+00:00,4300.94,4301.64,4270.0,4275.79,144010.563
2025-09-02T13:00:00+00:00,4275.8,4297.62,4273.2,4291.26,76396.215
2025-09-02T13:15:00+00:00,4291.27,4318.78,4284.28,4304.85,75388.736
2025-09-02T13:30:00+00:00,4304.85,4347.99,4277.0,4341.34,180531.385
2025-09-02T13:45:00+00:00,4341.35,4392.34,4337.11,4376.97,201841.712
2025-09-02T14:00:00+00:00,4376.96,4396.0,4340.89,4352.83,131136.924
2025-09-02T14:15:00+00:00,4352.82,4373.93,4331.01,4369.79,96864.032
2025-09-02T14:30:00+00:00,4369.78,4376.05,4346.35,4354.69,64890.378
2025-09-02T14:45:00+00:00,4354.69,4361.79,4333.92,4346.31,50303.392
2025-09-02T15:00:00+00:00,4346.32,4351.0,4315.14,4342.58,74520.734
2025-09-02T15:15:00+00:00,4342.59,4351.79,4321.89,4333.76,64212.085
2025-09-02T15:30:00+00:00,4333.76,4333.77,4296.25,4307.71,75706.738
2025-09-02T15:45:00+00:00,4307.7,4316.44,4282.03,4293.21,76788.715
2025-09-02T16:00:00+00:00,4293.2,4309.1,4286.08,4296.76,58148.673
2025-09-02T16:15:00+00:00,4296.78,4305.93,4275.81,4281.04,51843.862
2025-09-02T16:30:00+00:00,4281.05,4299.79,4280.0,4292.18,39424.889
2025-09-02T16:45:00+00:00,4292.18,4299.56,4283.87,4294.65,28648.566
2025-09-02T17:00:00+00:00,4294.69,4309.66,4286.0,4290.2,44309.523
2025-09-02T17:15:00+00:00,4290.19,4313.33,4288.53,4308.25,29392.081
2025-09-02T17:30:00+00:00,4308.24,4320.0,4298.32,4305.9,33543.663
2025-09-02T17:45:00+00:00,4305.91,4330.8,4305.2,4318.01,32805.773
2025-09-02T18:00:00+00:00,4318.0,4321.43,4281.52,4294.19,48527.813
2025-09-02T18:15:00+00:00,4294.2,4299.84,4278.51,4289.31,27504.782
2025-09-02T18:30:00+00:00,4289.3,4298.13,4278.06,4282.41,31047.78
2025-09-02T18:45:00+00:00,4282.41,4315.86,4263.19,4294.57,87720.989
2025-09-02T19:00:00+00:00,4294.56,4312.43,4270.54,4271.0,45238.462
2025-09-02T19:15:00+00:00,4271.0,4284.82,4261.53,4267.97,39917.619
2025-09-02T19:30:00+00:00,4267.97,4281.59,4255.4,4275.02,37010.246
2025-09-02T19:45:00+00:00,4275.02,4283.32,4263.67,4272.49,24215.928
2025-09-02T20:00:00+00:00,4272.49,4294.29,4264.52,4294.28,36275.795
2025-09-02T20:15:00+00:00,4294.28,4317.29,4291.44,4303.34,38395.111
2025-09-02T20:30:00+00:00,4303.35,4326.63,4292.5,4316.0,30602.031
2025-09-02T20:45:00+00:00,4316.0,4316.41,4301.0,4311.0,20703.043
2025-09-02T21:00:00+00:00,4311.0,4322.0,4308.22,4321.32,15705.845
2025-09-02T21:15:00+00:00,4321.33,4322.0,4302.95,4308.55,16974.531
2025-09-02T21:30:00+00:00,4308.55,4333.89,4308.15,4326.35,27196.193
2025-09-02T21:45:00+00:00,4326.35,4332.26,4319.39,4326.67,14038.096
2025-09-02T22:00:00+00:00,4326.67,4328.29,4307.92,4323.55,24774.353
2025-09-02T22:15:00+00:00,4323.55,4327.65,4311.47,4314.33,9615.29
2025-09-02T22:30:00+00:00,4314.33,4329.66,4307.0,4325.78,22811.649
2025-09-02T22:45:00+00:00,4325.78,4331.6,4321.57,4327.31,11613.239
2025-09-02T23:00:00+00:00,4327.31,4332.47,4316.8,4330.57,16846.1
2025-09-02T23:15:00+00:00,4330.57,4335.27,4317.17,4317.66,14917.072
2025-09-02T23:30:00+00:00,4317.66,4321.13,4311.11,4316.04,13006.078
2025-09-02T23:45:00+00:00,4316.05,4326.63,4313.34,4324.32,8013.068
2025-09-03T00:00:00+00:00,4324.33,4325.17,4310.01,4317.41,13690.756
2025-09-03T00:15:00+00:00,4317.41,4330.96,4310.03,4325.31,26164.109
2025-09-03T00:30:00+00:00,4325.31,4328.83,4311.27,4316.01,15210.539
2025-09-03T00:45:00+00:00,4316.0,4317.5,4301.18,4307.81,22764.251
2025-09-03T01:00:00+00:00,4307.8,4310.97,4290.29,4291.31,31934.735
2025-09-03T01:15:00+00:00,4291.31,4300.35,4283.0,4284.77,21549.778
2025-09-03T01:30:00+00:00,4284.77,4292.94,4283.5,4288.29,13387.944
2025-09-03T01:45:00+00:00,4288.3,4324.19,4281.0,4323.55,45276.692
2025-09-03T02:00:00+00:00,4323.54,4336.23,4310.3,4316.31,65771.423
2025-09-03T02:15:00+00:00,4316.31,4354.96,4315.74,4352.46,71975.859
2025-09-03T02:30:00+00:00,4352.46,4352.46,4336.34,4341.96,23148.84
2025-09-03T02:45:00+00:00,4341.98,4349.99,4336.0,4336.61,20950.507
2025-09-03T03:00:00+00:00,4336.61,4342.46,4321.09,4325.0,26667.958
2025-09-03T03:15:00+00:00,4325.0,4336.3,4321.4,4329.0,16759.8
2025-09-03T03:30:00+00:00,4329.0,4331.55,4317.5,4326.24,21144.454
2025-09-03T03:45:00+00:00,4326.24,4336.28,4324.32,4333.4,12436.314
2025-09-03T04:00:00+00:00,4333.4,4338.21,4318.16,4319.39,15680.616
2025-09-03T04:15:00+00:00,4319.4,4331.79,4312.0,4327.8,23044.523
2025-09-03T04:30:00+00:00,4327.8,4336.68,4327.5,4333.69,15419.326
2025-09-03T04:45:00+00:00,4333.69,4341.2,4329.95,4338.41,14079.895
2025-09-03T05:00:00+00:00,4338.41,4339.5,4324.32,4333.55,19126.653
2025-09-03T05:15:00+00:00,4333.55,4333.94,4315.44,4323.55,17848.221
2025-09-03T05:30:00+00:00,4323.55,4326.81,4319.82,4321.34,8566.718
2025-09-03T05:45:00+00:00,4321.34,4325.35,4311.06,4313.91,20144.568
2025-09-03T06:00:00+00:00,4313.91,4315.55,4288.01,4304.01,70601.794
2025-09-03T06:15:00+00:00,4304.01,4315.72,4299.28,4315.72,19490.126
2025-09-03T06:30:00+00:00,4315.71,4319.98,4308.32,4310.12,19111.31
2025-09-03T06:45:00+00:00,4310.13,4316.22,4301.0,4306.07,14433.295
2025-09-03T07:00:00+00:00,4306.08,4314.0,4294.94,4304.86,26127.028
2025-09-03T07:15:00+00:00,4304.85,4304.86,4286.0,4300.38,32028.757
2025-09-03T07:30:00+00:00,4300.39,4311.06,4297.55,4309.81,18164.816
2025-09-03T07:45:00+00:00,4309.8,4314.2,4306.71,4308.72,12251.854
2025-09-03T08:00:00+00:00,4308.72,4323.17,4306.2,4322.03,27304.163
2025-09-03T08:15:00+00:00,4322.04,4332.9,4315.8,4320.47,33858.751
2025-09-03T08:30:00+00:00,4320.46,4325.9,4313.0,4324.16,17943.939
2025-09-03T08:45:00+00:00,4324.17,4326.2,4308.93,4316.47,19136.145
2025-09-03T09:00:00+00:00,4316.47,4319.53,4301.11,4303.6,20890.585
2025-09-03T09:15:00+00:00,4303.6,4323.94,4303.59,4318.59,18169.05
2025-09-03T09:30:00+00:00,4318.6,4339.99,4315.01,4338.19,34397.16
2025-09-03T09:45:00+00:00,4338.19,4351.85,4334.26,4349.99,40465.262
2025-09-03T10:00:00+00:00,4350.0,4359.0,4343.0,4359.0,36766.053
2025-09-03T10:15:00+00:00,4358.99,4375.78,4358.31,4366.89,68045.768
2025-09-03T10:30:00+00:00,4366.89,4366.89,4355.26,4362.15,27702.546
2025-09-03T10:45:00+00:00,4362.15,4370.97,4355.35,4369.87,22019.422
2025-09-03T11:00:00+00:00,4369.87,4378.01,4364.69,4375.13,33896.342
2025-09-03T11:15:00+00:00,4375.12,4378.99,4365.66,4371.29,28529.793
2025-09-03T11:30:00+00:00,4371.3,4384.67,4364.21,4380.0,36070.651
2025-09-03T11:45:00+00:00,4380.01,4381.0,4368.76,4369.6,14029.97
2025-09-03T12:00:00+00:00,4369.6,4377.87,4361.12,4363.09,32148.039
2025-09-03T12:15:00+00:00,4363.09,4368.81,4357.0,4364.9,25304.951
2025-09-03T12:30:00+00:00,4364.91,4372.73,4349.19,4349.68,33382.913
2025-09-03T12:45:00+00:00,4349.69,4355.69,4340.0,4352.22,42836.931
2025-09-03T13:00:00+00:00,4352.22,4378.57,4349.4,4375.39,53191.584
2025-09-03T13:15:00+00:00,4375.38,4393.77,4372.2,4374.46,63320.721
2025-09-03T13:30:00+00:00,4374.46,4424.0,4369.35,4418.61,121303.591
2025-09-03T13:45:00+00:00,4418.69,4439.0,4407.19,4417.0,128912.539
2025-09-03T14:00:00+00:00,4416.99,4452.46,4413.06,4418.27,115551.297
2025-09-03T14:15:00+00:00,4418.27,4448.53,4417.3,4437.93,60947.543
2025-09-03T14:30:00+00:00,4437.8,4479.82,4437.61,4475.99,120083.71
2025-09-03T14:45:00+00:00,4475.99,4478.66,4458.61,4464.92,65000.135
2025-09-03T15:00:00+00:00,4464.91,4469.67,4457.74,4459.39,34707.658
2025-09-03T15:15:00+00:00,4459.38,4472.58,4452.5,4454.11,37597.68
2025-09-03T15:30:00+00:00,4454.1,4475.67,4453.37,4468.96,39728.42
2025-09-03T15:45:00+00:00,4468.95,4485.0,4462.0,4477.06,46349.767
2025-09-03T16:00:00+00:00,4477.05,4482.0,4460.44,4469.54,34340.495
2025-09-03T16:15:00+00:00,4469.53,4473.61,4453.04,4454.85,36065.21
2025-09-03T16:30:00+00:00,4454.86,4463.99,4452.92,4453.74,19365.153
2025-09-03T16:45:00+00:00,4453.74,4465.59,4453.2,4465.0,16349.819
2025-09-03T17:00:00+00:00,4465.0,4483.77,4463.73,4480.7,26216.8
2025-09-03T17:15:00+00:00,4480.7,4484.13,4469.33,4478.0,24729.865
2025-09-03T17:30:00+00:00,4477.99,4489.41,4466.71,4468.0,37444.489
2025-09-03T17:45:00+00:00,4468.01,4486.26,4462.33,4470.47,29984.509
2025-09-03T18:00:00+00:00,4470.47,4477.78,4468.68,4473.7,13039.444
2025-09-03T18:15:00+00:00,4473.7,4473.77,4456.03,4467.89,22770.254
2025-09-03T18:30:00+00:00,4467.89,4473.71,4455.95,4459.61,22754.412
2025-09-03T18:45:00+00:00,4459.61,4467.61,4457.0,4467.38,10236.1
2025-09-03T19:00:00+00:00,4467.37,4468.12,4457.35,4462.7,8543.285
2025-09-03T19:15:00+00:00,4462.69,4467.7,4457.0,4459.92,8008.005
2025-09-03T19:30:00+00:00,4459.92,4466.28,4459.0,4464.06,9056.827
2025-09-03T19:45:00+00:00,4464.06,4476.64,4462.35,4473.49,17287.497
2025-09-03T20:00:00+00:00,4473.5,4478.0,4468.4,4469.76,10069.726
2025-09-03T20:15:00+00:00,4469.75,4472.55,4465.1,4466.37,6487.637
2025-09-03T20:30:00+00:00,4466.36,4471.88,4462.0,4465.03,7494.76
2025-09-03T20:45:00+00:00,4465.04,4469.0,4461.2,4462.37,4039.915
2025-09-03T21:00:00+00:00,4462.37,4465.44,4458.9,4465.44,6397.435
2025-09-03T21:15:00+00:00,4465.44,4471.59,4461.86,4469.83,8390.892
2025-09-03T21:30:00+00:00,4469.82,4471.25,4453.21,4454.48,10929.127
2025-09-03T21:45:00+00:00,4454.48,4465.34,4432.27,4459.0,36060.438
2025-09-03T22:00:00+00:00,4459.0,4482.08,4457.83,4466.79,20997.032
2025-09-03T22:15:00+00:00,4466.8,4472.21,4460.5,4460.5,8779.331
2025-09-03T22:30:00+00:00,4460.51,4464.62,4456.37,4464.24,7900.932
2025-09-03T22:45:00+00:00,4464.25,4469.08,4458.98,4467.6,5139.787
2025-09-03T23:00:00+00:00,4467.6,4470.43,4455.0,4458.67,14405.827
2025-09-03T23:15:00+00:00,4458.66,4464.26,4457.0,4460.99,5466.307
2025-09-03T23:30:00+00:00,4461.0,4463.0,4444.86,4446.27,18638.287
2025-09-03T23:45:00+00:00,4446.28,4453.0,4442.03,4448.3,17732.12
2025-09-04T00:00:00+00:00,4448.3,4458.73,4443.94,4458.73,15101.801
2025-09-04T00:15:00+00:00,4458.73,4478.46,4452.93,4471.19,30414.212
2025-09-04T00:30:00+00:00,4471.2,4481.56,4466.81,4467.21,19495.692
2025-09-04T00:45:00+00:00,4467.21,4476.0,4464.0,4466.46,14796.672
2025-09-04T01:00:00+00:00,4466.47,4467.06,4449.52,4453.0,20833.798
2025-09-04T01:15:00+00:00,4453.0,4458.7,4447.26,4458.31,14489.7
2025-09-04T01:30:00+00:00,4458.3,4477.0,4456.21,4462.32,24985.261
2025-09-04T01:45:00+00:00,4462.32,4467.0,4457.65,4466.5,10321.356
2025-09-04T02:00:00+00:00,4466.49,4469.0,4456.12,4458.8,13274.029
2025-09-04T02:15:00+00:00,4458.8,4460.82,4439.0,4439.08,33245.404
2025-09-04T02:30:00+00:00,4439.09,4442.6,4425.1,4426.51,64409.957
2025-09-04T02:45:00+00:00,4426.51,4430.1,4418.77,4419.99,32234.028
2025-09-04T03:00:00+00:00,4419.99,4421.81,4401.1,4408.01,67062.251
2025-09-04T03:15:00+00:00,4408.0,4428.0,4404.5,4409.53,49457.148
2025-09-04T03:30:00+00:00,4409.53,4411.0,4388.0,4397.0,67679.005
2025-09-04T03:45:00+00:00,4397.01,4400.19,4393.0,4396.9,17965.233
2025-09-04T04:00:00+00:00,4396.89,4411.23,4385.66,4401.52,52407.84
2025-09-04T04:15:00+00:00,4401.53,4407.88,4395.56,4399.0,16293.468
2025-09-04T04:30:00+00:00,4398.99,4414.64,4397.14,4404.33,17071.732
2025-09-04T04:45:00+00:00,4404.32,4407.73,4388.0,4390.72,20745.342
2025-09-04T05:00:00+00:00,4390.71,4390.72,4368.0,4376.8,76261.79
2025-09-04T05:15:00+00:00,4376.8,4380.71,4367.74,4374.03,29823.389
2025-09-04T05:30:00+00:00,4374.03,4378.79,4364.28,4365.31,26182.352
2025-09-04T05:45:00+00:00,4365.3,4375.0,4361.38,4374.61,26374.215
2025-09-04T06:00:00+00:00,4374.6,4382.99,4368.91,4376.18,32245.394
2025-09-04T06:15:00+00:00,4376.19,4376.2,4357.42,4368.0,37737.203
2025-09-04T06:30:00+00:00,4367.99,4367.99,4354.59,4359.01,28876.062
2025-09-04T06:45:00+00:00,4359.0,4368.99,4354.23,4364.22,23486.956
2025-09-04T07:00:00+00:00,4364.21,4377.78,4362.25,4377.78,24941.094
2025-09-04T07:15:00+00:00,4377.77,4383.0,4360.0,4366.76,30960.869
2025-09-04T07:30:00+00:00,4366.77,4374.47,4364.1,4364.85,13077.629
2025-09-04T07:45:00+00:00,4364.85,4373.44,4364.85,4369.67,9250.211
2025-09-04T08:00:00+00:00,4369.66,4390.21,4368.53,4381.14,41153.409
2025-09-04T08:15:00+00:00,4381.14,4388.4,4379.25,4388.39,17856.02
2025-09-04T08:30:00+00:00,4388.4,4390.0,4373.88,4374.6,18239.955
2025-09-04T08:45:00+00:00,4374.6,4374.6,4363.75,4367.94,20151.532
2025-09-04T09:00:00+00:00,4368.0,4384.72,4368.0,4381.94,16963.506
2025-09-04T09:15:00+00:00,4381.95,4384.0,4377.0,4379.4,9054.121
2025-09-04T09:30:00+00:00,4379.4,4388.42,4377.11,4385.66,14837.518
2025-09-04T09:45:00+00:00,4385.67,4393.59,4380.41,4393.58,14022.544
2025-09-04T10:00:00+00:00,4393.58,4412.86,4391.0,4408.15,47366.757
2025-09-04T10:15:00+00:00,4408.16,4417.55,4401.9,4408.02,29280.357
2025-09-04T10:30:00+00:00,4408.01,4426.7,4405.0,4419.99,36823.079
2025-09-04T10:45:00+00:00,4420.0,4431.6,4404.2,4405.26,50088.432
2025-09-04T11:00:00+00:00,4405.26,4427.78,4390.03,4424.24,64992.685
2025-09-04T11:15:00+00:00,4424.24,4430.92,4411.6,4412.8,24164.746
2025-09-04T11:30:00+00:00,4412.81,4421.6,4407.31,4418.13,20271.371
2025-09-04T11:45:00+00:00,4418.14,4421.67,4405.0,4405.01,23571.3
2025-09-04T12:00:00+00:00,4405.0,4416.0,4393.89,4415.38,42691.895
2025-09-04T12:15:00+00:00,4415.38,4427.51,4396.44,4412.8,49656.744
2025-09-04T12:30:00+00:00,4412.79,4425.0,4380.35,4388.01,81506.069
2025-09-04T12:45:00+00:00,4388.01,4415.38,4384.14,4414.29,33086.965
2025-09-04T13:00:00+00:00,4414.3,4417.93,4394.48,4396.0,26476.932
2025-09-04T13:15:00+00:00,4396.0,4406.36,4392.75,4399.69,18822.385
2025-09-04T13:30:00+00:00,4399.69,4405.0,4368.0,4381.4,97264.566
2025-09-04T13:45:00+00:00,4381.4,4384.18,4363.45,4376.37,58879.01
2025-09-04T14:00:00+00:00,4376.36,4381.0,4325.42,4336.73,186557.768
2025-09-04T14:15:00+00:00,4336.73,4353.0,4328.0,4350.0,63058.435
2025-09-04T14:30:00+00:00,4349.99,4364.43,4347.28,4354.66,54385.549
2025-09-04T14:45:00+00:00,4354.66,4359.95,4338.74,4340.11,37766.952
2025-09-04T15:00:00+00:00,4340.11,4344.83,4303.0,4310.89,128689.427
2025-09-04T15:15:00+00:00,4310.89,4317.6,4292.11,4304.34,121701.664
2025-09-04T15:30:00+00:00,4304.33,4310.61,4295.11,4302.01,52387.894
2025-09-04T15:45:00+00:00,4302.01,4314.75,4300.64,4302.57,33714.553
2025-09-04T16:00:00+00:00,4302.57,4317.63,4296.31,4306.17,47120.482
2025-09-04T16:15:00+00:00,4306.15,4308.0,4285.56,4287.11,53358.081
2025-09-04T16:30:00+00:00,4287.11,4305.53,4283.0,4302.64,45225.081
2025-09-04T16:45:00+00:00,4302.64,4309.02,4292.42,4294.81,27141.962
2025-09-04T17:00:00+00:00,4294.8,4313.21,4293.35,4306.01,29901.111
2025-09-04T17:15:00+00:00,4306.01,4322.42,4305.64,4316.51,29081.803
2025-09-04T17:30:00+00:00,4316.51,4317.44,4300.91,4301.15,21576.461
2025-09-04T17:45:00+00:00,4301.14,4314.0,4299.03,4303.41,15118.72
2025-09-04T18:00:00+00:00,4303.42,4316.58,4303.02,4308.05,14671.462
2025-09-04T18:15:00+00:00,4308.04,4315.36,4273.12,4278.21,55822.485
2025-09-04T18:30:00+00:00,4278.2,4306.1,4268.68,4297.73,67494.111
2025-09-04T18:45:00+00:00,4297.73,4300.28,4271.16,4271.87,41762.705
2025-09-04T19:00:00+00:00,4271.88,4286.0,4266.77,4281.15,27580.087
2025-09-04T19:15:00+00:00,4281.15,4282.66,4267.2,4279.8,17097.385
2025-09-04T19:30:00+00:00,4279.79,4283.6,4262.2,4275.4,24570.723
2025-09-04T19:45:00+00:00,4275.37,4279.49,4263.37,4274.21,17451.233
2025-09-04T20:00:00+00:00,4274.2,4299.03,4270.53,4294.41,37213.922
2025-09-04T20:15:00+00:00,4294.41,4307.0,4289.57,4303.22,18362.037
2025-09-04T20:30:00+00:00,4303.22,4305.5,4298.67,4298.67,11489.076
2025-09-04T20:45:00+00:00,4298.67,4308.68,4297.0,4303.55,11319.548
2025-09-04T21:00:00+00:00,4303.55,4308.87,4300.5,4301.51,7787.603
2025-09-04T21:15:00+00:00,4301.53,4313.61,4301.52,4310.22,9265.674
2025-09-04T21:30:00+00:00,4310.22,4320.64,4307.15,4315.02,12264.109
2025-09-04T21:45:00+00:00,4315.03,4324.31,4310.62,4317.0,10761.002
2025-09-04T22:00:00+00:00,4317.0,4323.35,4314.09,4319.0,13445.058
2025-09-04T22:15:00+00:00,4319.01,4327.49,4313.98,4325.4,16137.55
2025-09-04T22:30:00+00:00,4325.39,4327.6,4315.13,4315.97,14043.957
2025-09-04T22:45:00+00:00,4315.97,4350.0,4315.18,4339.18,39582.443
2025-09-04T23:00:00+00:00,4339.17,4347.78,4329.34,4334.66,23812.798
2025-09-04T23:15:00+00:00,4334.67,4337.71,4327.59,4330.2,13556.302
2025-09-04T23:30:00+00:00,4330.21,4330.98,4313.46,4315.71,21080.433
2025-09-04T23:45:00+00:00,4315.71,4317.62,4293.05,4295.1,37466.348
2025-09-05T00:00:00+00:00,4295.07,4303.23,4288.0,4299.2,26390.334
2025-09-05T00:15:00+00:00,4299.19,4303.6,4288.76,4301.99,17393.632
2025-09-05T00:30:00+00:00,4302.0,4312.22,4297.0,4304.74,17404.273
2025-09-05T00:45:00+00:00,4304.75,4304.9,4291.54,4299.26,18603.502
2025-09-05T01:00:00+00:00,4299.26,4310.0,4296.1,4303.76,16911.305
2025-09-05T01:15:00+00:00,4303.77,4321.83,4301.67,4320.0,27683.647
2025-09-05T01:30:00+00:00,4320.0,4331.52,4315.0,4330.45,21032.77
2025-09-05T01:45:00+00:00,4330.45,4331.24,4321.81,4324.65,13668.225
2025-09-05T02:00:00+00:00,4324.64,4334.44,4320.03,4323.75,18541.301
2025-09-05T02:15:00+00:00,4323.75,4329.99,4298.3,4322.28,49064.743
2025-09-05T02:30:00+00:00,4322.28,4328.01,4305.81,4308.48,23537.133
2025-09-05T02:45:00+00:00,4308.47,4325.8,4306.5,4322.29,18120.278
2025-09-05T03:00:00+00:00,4322.29,4322.5,4303.87,4304.01,21218.41
2025-09-05T03:15:00+00:00,4304.0,4311.58,4295.7,4299.58,28766.74
2025-09-05T03:30:00+00:00,4299.57,4314.15,4298.49,4313.6,15641.441
2025-09-05T03:45:00+00:00,4313.61,4331.67,4310.84,4327.0,37636.883
2025-09-05T04:00:00+00:00,4327.0,4330.3,4315.03,4315.86,21229.724
2025-09-05T04:15:00+00:00,4315.78,4325.19,4314.61,4319.07,10162.768
2025-09-05T04:30:00+00:00,4319.08,4325.64,4316.5,4325.4,12252.965
2025-09-05T04:45:00+00:00,4325.39,4333.0,4322.51,4328.63,17403.528
2025-09-05T05:00:00+00:00,4328.54,4334.67,4325.13,4333.91,16377.001
2025-09-05T05:15:00+00:00,4333.91,4340.18,4326.92,4331.93,15487.035
2025-09-05T05:30:00+00:00,4331.92,4339.28,4328.0,4336.26,15509.21
2025-09-05T05:45:00+00:00,4336.26,4339.0,4333.38,4336.33,11282.757
2025-09-05T06:00:00+00:00,4336.34,4339.0,4331.75,4334.21,13905.934
2025-09-05T06:15:00+00:00,4334.2,4337.43,4320.0,4324.71,20506.821
2025-09-05T06:30:00+00:00,4324.71,4331.63,4322.72,4330.27,8438.676
2025-09-05T06:45:00+00:00,4330.27,4332.88,4322.53,4330.91,12875.54
2025-09-05T07:00:00+00:00,4330.91,4362.99,4329.23,4354.13,91232.514
2025-09-05T07:15:00+00:00,4354.13,4375.44,4352.22,4371.02,69628.045
2025-09-05T07:30:00+00:00,4371.03,4396.0,4368.1,4395.92,106934.698
2025-09-05T07:45:00+00:00,4395.91,4426.89,4393.99,4414.88,139446.892
2025-09-05T08:00:00+00:00,4414.88,4418.8,4395.13,4397.4,72053.78
2025-09-05T08:15:00+00:00,4397.4,4404.88,4383.94,4394.35,57615.425
2025-09-05T08:30:00+00:00,4394.35,4403.7,4391.08,4396.6,23029.973
2025-09-05T08:45:00+00:00,4396.61,4405.31,4396.13,4404.18,24909.729
2025-09-05T09:00:00+00:00,4404.18,4406.9,4393.87,4395.0,25842.868
2025-09-05T09:15:00+00:00,4395.0,4395.01,4372.0,4376.69,58729.605
2025-09-05T09:30:00+00:00,4376.7,4398.0,4371.74,4395.0,38918.583
2025-09-05T09:45:00+00:00,4395.0,4397.0,4389.85,4395.46,19321.908
2025-09-05T10:00:00+00:00,4395.46,4414.53,4393.22,4401.04,42842.575
2025-09-05T10:15:00+00:00,4401.05,4410.0,4398.56,4407.32,17276.982
2025-09-05T10:30:00+00:00,4407.33,4420.78,4406.88,4412.81,31582.898
2025-09-05T10:45:00+00:00,4412.8,4421.12,4408.0,4408.19,19976.902
2025-09-05T11:00:00+00:00,4408.2,4418.88,4404.14,4410.84,28216.618
2025-09-05T11:15:00+00:00,4410.84,4424.7,4407.79,4417.01,28597.737
2025-09-05T11:30:00+00:00,4417.01,4423.14,4413.79,4419.79,23484.43
2025-09-05T11:45:00+00:00,4419.8,4422.64,4414.55,4415.67,21723.29
2025-09-05T12:00:00+00:00,4415.67,4419.71,4410.0,4416.98,18894.335
2025-09-05T12:15:00+00:00,4416.99,4448.96,4416.99,4448.76,115004.463
2025-09-05T12:30:00+00:00,4448.77,4495.0,4405.63,4432.39,443808.863
2025-09-05T12:45:00+00:00,4432.38,4471.88,4426.5,4469.5,128681.358
2025-09-05T13:00:00+00:00,4469.49,4478.0,4452.21,4457.31,83131.073
2025-09-05T13:15:00+00:00,4457.31,4471.04,4448.0,4462.33,44018.671
2025-09-05T13:30:00+00:00,4462.32,4475.71,4443.0,4459.27,68636.385
2025-09-05T13:45:00+00:00,4459.27,4463.47,4433.08,4441.54,62996.986
2025-09-05T14:00:00+00:00,4441.53,4441.54,4396.57,4400.34,136965.841
2025-09-05T14:15:00+00:00,4400.34,4401.5,4313.57,4320.77,367213.624
2025-09-05T14:30:00+00:00,4320.77,4325.81,4275.8,4289.3,295764.475
2025-09-05T14:45:00+00:00,4289.31,4297.0,4261.32,4271.61,221243.837
2025-09-05T15:00:00+00:00,4271.61,4289.0,4253.33,4285.05,148987.97
2025-09-05T15:15:00+00:00,4285.05,4300.99,4280.0,4294.19,86844.915
2025-09-05T15:30:00+00:00,4294.19,4302.98,4275.06,4302.01,63821.49
2025-09-05T15:45:00+00:00,4302.0,4302.01,4275.4,4281.0,47230.653
2025-09-05T16:00:00+00:00,4280.99,4293.6,4271.84,4292.78,40757.725
2025-09-05T16:15:00+00:00,4292.78,4292.78,4275.0,4285.5,29569.91
2025-09-05T16:30:00+00:00,4285.5,4298.0,4283.33,4297.64,21916.035
2025-09-05T16:45:00+00:00,4297.64,4301.5,4285.5,4295.4,22677.791
2025-09-05T17:00:00+00:00,4295.4,4296.84,4278.89,4289.19,21576.073
2025-09-05T17:15:00+00:00,4289.19,4293.39,4283.02,4283.05,17438.938
2025-09-05T17:30:00+00:00,4283.05,4284.77,4270.48,4277.51,31237.887
2025-09-05T17:45:00+00:00,4277.51,4289.0,4275.0,4288.19,19598.894
2025-09-05T18:00:00+00:00,4288.19,4299.82,4282.01,4284.7,24807.783
2025-09-05T18:15:00+00:00,4284.7,4296.7,4284.3,4296.0,14619.583
2025-09-05T18:30:00+00:00,4296.0,4305.72,4293.38,4304.22,38127.84
2025-09-05T18:45:00+00:00,4304.23,4315.0,4304.23,4310.61,31563.796
2025-09-05T19:00:00+00:00,4310.6,4318.29,4303.67,4317.0,21589.103
2025-09-05T19:15:00+00:00,4317.0,4329.52,4315.14,4326.51,53356.3
2025-09-05T19:30:00+00:00,4326.51,4328.02,4313.03,4317.78,19808.053
2025-09-05T19:45:00+00:00,4317.79,4329.8,4317.0,4329.05,14979.643
2025-09-05T20:00:00+00:00,4329.06,4337.17,4320.18,4327.68,38616.059
2025-09-05T20:15:00+00:00,4327.69,4328.99,4319.1,4324.1,9767.798
2025-09-05T20:30:00+00:00,4324.1,4341.75,4322.72,4337.36,23829.696
2025-09-05T20:45:00+00:00,4337.36,4337.37,4330.33,4336.2,13876.54
2025-09-05T21:00:00+00:00,4336.19,4336.5,4321.03,4330.8,14563.496
2025-09-05T21:15:00+00:00,4330.8,4331.53,4282.64,4301.2,84289.695
2025-09-05T21:30:00+00:00,4301.19,4316.62,4292.0,4309.58,26370.705
2025-09-05T21:45:00+00:00,4309.58,4310.22,4287.11,4294.84,17327.143
2025-09-05T22:00:00+00:00,4294.95,4305.77,4293.35,4300.01,14321.658
2025-09-05T22:15:00+00:00,4300.01,4304.0,4297.0,4300.0,5556.199
2025-09-05T22:30:00+00:00,4300.0,4317.29,4298.0,4314.84,11857.266
2025-09-05T22:45:00+00:00,4314.84,4317.96,4309.6,4311.0,7035.442
2025-09-05T23:00:00+00:00,4311.0,4317.0,4309.0,4309.24,8505.125
2025-09-05T23:15:00+00:00,4309.25,4314.0,4306.35,4310.0,9760.881
2025-09-05T23:30:00+00:00,4310.0,4311.14,4302.17,4308.41,10464.983
2025-09-05T23:45:00+00:00,4308.41,4308.6,4302.38,4305.62,4944.538
2025-09-06T00:00:00+00:00,4305.62,4306.88,4301.14,4303.03,8158.619
2025-09-06T00:15:00+00:00,4303.04,4316.27,4301.0,4314.42,11078.827
2025-09-06T00:30:00+00:00,4314.41,4326.9,4313.38,4322.56,20924.663
2025-09-06T00:45:00+00:00,4322.55,4326.48,4316.14,4320.8,12594.51
2025-09-06T01:00:00+00:00,4320.81,4322.39,4313.5,4321.1,8210.736
2025-09-06T01:15:00+00:00,4321.11,4323.46,4313.64,4314.01,7602.27
2025-09-06T01:30:00+00:00,4314.01,4320.43,4310.42,4318.42,7452.419
2025-09-06T01:45:00+00:00,4318.41,4321.4,4315.24,4316.46,6484.395
2025-09-06T02:00:00+00:00,4316.46,4321.4,4305.12,4308.21,13616.813
2025-09-06T02:15:00+00:00,4308.22,4309.88,4302.55,4307.9,9646.161
2025-09-06T02:30:00+00:00,4307.9,4313.68,4305.46,4310.63,6411.15
2025-09-06T02:45:00+00:00,4310.64,4321.69,4310.13,4320.96,10571.262
2025-09-06T03:00:00+00:00,4320.96,4321.5,4315.0,4316.09,8119.372
2025-09-06T03:15:00+00:00,4316.09,4323.0,4315.9,4319.46,7860.091
2025-09-06T03:30:00+00:00,4319.46,4320.39,4314.74,4318.73,6180.092
2025-09-06T03:45:00+00:00,4318.72,4319.06,4314.23,4318.2,5725.442
2025-09-06T04:00:00+00:00,4318.21,4318.41,4308.8,4309.41,11488.147
2025-09-06T04:15:00+00:00,4309.42,4310.23,4305.58,4306.42,11509.596
2025-09-06T04:30:00+00:00,4306.42,4308.66,4301.19,4304.29,15024.194
2025-09-06T04:45:00+00:00,4304.29,4310.0,4304.0,4307.76,7926.862
2025-09-06T05:00:00+00:00,4307.76,4310.31,4304.0,4309.0,9689.323
2025-09-06T05:15:00+00:00,4309.0,4309.01,4290.5,4296.0,26977.256
2025-09-06T05:30:00+00:00,4296.0,4299.95,4288.66,4294.44,17178.861
2025-09-06T05:45:00+00:00,4294.45,4296.0,4289.0,4293.43,16573.066
2025-09-06T06:00:00+00:00,4293.43,4299.71,4291.37,4299.27,9291.411
2025-09-06T06:15:00+00:00,4299.27,4301.37,4293.68,4300.38,9123.96
2025-09-06T06:30:00+00:00,4300.38,4305.3,4299.75,4301.0,11594.647
2025-09-06T06:45:00+00:00,4300.99,4303.18,4297.6,4300.4,6112.528
2025-09-06T07:00:00+00:00,4300.4,4306.0,4298.0,4306.0,8634.974
2025-09-06T07:15:00+00:00,4306.0,4306.0,4301.0,4303.0,5872.235
2025-09-06T07:30:00+00:00,4303.01,4308.0,4301.28,4307.99,9628.685
2025-09-06T07:45:00+00:00,4307.99,4313.56,4305.0,4310.27,14306.551
2025-09-06T08:00:00+00:00,4310.28,4313.33,4303.2,4305.07,11797.211
2025-09-06T08:15:00+00:00,4305.07,4308.59,4302.68,4305.28,8031.211
2025-09-06T08:30:00+00:00,4305.28,4311.35,4305.27,4309.82,10467.356
2025-09-06T08:45:00+00:00,4309.81,4311.57,4306.67,4308.5,5309.333
2025-09-06T09:00:00+00:00,4308.51,4308.51,4293.7,4295.83,20861.368
2025-09-06T09:15:00+00:00,4295.84,4299.0,4289.36,4291.18,17072.586
2025-09-06T09:30:00+00:00,4291.18,4298.0,4289.36,4296.83,10999.951
2025-09-06T09:45:00+00:00,4296.82,4298.67,4290.84,4291.3,8947.355
2025-09-06T10:00:00+00:00,4291.3,4295.71,4290.36,4293.1,7287.715
2025-09-06T10:15:00+00:00,4293.1,4294.75,4283.73,4292.37,20630.902
2025-09-06T10:30:00+00:00,4292.36,4301.44,4290.72,4301.4,12790.36
2025-09-06T10:45:00+00:00,4301.4,4302.27,4295.33,4299.65,5991.704
2025-09-06T11:00:00+00:00,4299.66,4300.0,4292.16,4294.08,5844.959
2025-09-06T11:15:00+00:00,4294.01,4295.19,4289.0,4294.69,7953.578
2025-09-06T11:30:00+00:00,4294.69,4295.19,4289.36,4294.0,6245.064
2025-09-06T11:45:00+00:00,4294.0,4299.48,4292.92,4298.29,9517.9
2025-09-06T12:00:00+00:00,4298.29,4307.74,4295.0,4301.0,17908.681
2025-09-06T12:15:00+00:00,4301.0,4302.19,4296.09,4297.61,7654.981
2025-09-06T12:30:00+00:00,4297.61,4298.87,4290.0,4295.07,13534.661
2025-09-06T12:45:00+00:00,4295.07,4302.09,4293.0,4298.0,9248.15
2025-09-06T13:00:00+00:00,4298.0,4300.77,4294.83,4297.58,7717.321
2025-09-06T13:15:00+00:00,4297.59,4300.79,4296.12,4297.9,5428.976
2025-09-06T13:30:00+00:00,4297.9,4297.9,4289.5,4292.07,14074.592
2025-09-06T13:45:00+00:00,4292.06,4293.82,4285.58,4292.39,18042.421
2025-09-06T14:00:00+00:00,4292.39,4300.02,4290.27,4294.44,29735.674
2025-09-06T14:15:00+00:00,4294.44,4298.8,4292.68,4295.87,8183.059
2025-09-06T14:30:00+00:00,4295.87,4300.0,4291.0,4298.37,14312.55
2025-09-06T14:45:00+00:00,4298.37,4299.17,4292.0,4294.46,7474.905
2025-09-06T15:00:00+00:00,4294.47,4295.49,4266.7,4270.72,77514.499
2025-09-06T15:15:00+00:00,4270.71,4280.35,4266.8,4277.22,32566.8
2025-09-06T15:30:00+00:00,4277.23,4282.43,4272.05,4274.5,17675.723
2025-09-06T15:45:00+00:00,4274.5,4274.51,4261.3,4268.0,46611.464
2025-09-06T16:00:00+00:00,4268.01,4275.32,4254.22,4268.95,63304.202
2025-09-06T16:15:00+00:00,4268.94,4270.98,4230.0,4258.0,132898.691
2025-09-06T16:30:00+00:00,4258.0,4275.0,4257.28,4271.6,44973.791
2025-09-06T16:45:00+00:00,4271.6,4303.3,4265.36,4287.51,86401.143
2025-09-06T17:00:00+00:00,4287.51,4290.42,4278.41,4285.19,19993.746
2025-09-06T17:15:00+00:00,4285.19,4287.5,4273.18,4274.65,18411.745
2025-09-06T17:30:00+00:00,4274.66,4278.68,4264.35,4265.93,23977.682
2025-09-06T17:45:00+00:00,4266.0,4273.6,4264.3,4271.0,11304.786
2025-09-06T18:00:00+00:00,4270.99,4285.71,4269.47,4280.88,17216.29
2025-09-06T18:15:00+00:00,4280.88,4282.0,4273.77,4275.08,12995.861
2025-09-06T18:30:00+00:00,4275.08,4275.19,4267.0,4269.46,7413.859
2025-09-06T18:45:00+00:00,4269.46,4280.88,4269.0,4276.65,9816.727
2025-09-06T19:00:00+00:00,4276.66,4279.38,4270.5,4271.11,5055.164
2025-09-06T19:15:00+00:00,4271.1,4272.1,4258.14,4261.51,18421.107
2025-09-06T19:30:00+00:00,4261.5,4264.75,4256.22,4258.46,11655.81
2025-09-06T19:45:00+00:00,4258.45,4260.79,4248.01,4253.92,20926.76
2025-09-06T20:00:00+00:00,4253.92,4260.98,4251.53,4260.14,9281.668
2025-09-06T20:15:00+00:00,4260.14,4264.0,4258.0,4263.0,7801.401
2025-09-06T20:30:00+00:00,4263.0,4273.1,4261.54,4270.71,9536.591
2025-09-06T20:45:00+00:00,4270.72,4279.34,4270.12,4277.48,11366.308
2025-09-06T21:00:00+00:00,4277.48,4277.77,4272.0,4272.5,5755.011
2025-09-06T21:15:00+00:00,4272.5,4275.0,4269.99,4272.4,5024.871
2025-09-06T21:30:00+00:00,4272.46,4275.98,4266.35,4270.83,9510.829
2025-09-06T21:45:00+00:00,4270.83,4284.77,4270.83,4280.69,15084.793
2025-09-06T22:00:00+00:00,4280.69,4287.0,4273.2,4276.85,11820.973
2025-09-06T22:15:00+00:00,4276.84,4282.0,4274.54,4275.01,5362.775
2025-09-06T22:30:00+00:00,4275.0,4277.08,4269.4,4272.44,7390.508
2025-09-06T22:45:00+00:00,4272.44,4276.58,4267.62,4275.8,8755.157
2025-09-06T23:00:00+00:00,4275.81,4278.83,4265.86,4277.02,9974.225
2025-09-06T23:15:00+00:00,4277.03,4282.37,4273.36,4278.2,6345.668
2025-09-06T23:30:00+00:00,4278.21,4280.0,4272.35,4273.53,3956.662
2025-09-06T23:45:00+00:00,4273.53,4273.54,4269.44,4271.6,5251.635
2025-09-07T00:00:00+00:00,4271.6,4277.99,4268.52,4276.67,7291.917
2025-09-07T00:15:00+00:00,4276.66,4277.7,4272.45,4272.66,3615.517
2025-09-07T00:30:00+00:00,4272.66,4284.01,4270.0,4283.39,11158.52
2025-09-07T00:45:00+00:00,4283.4,4287.38,4280.35,4282.45,11075.581
2025-09-07T01:00:00+00:00,4282.45,4294.0,4281.0,4290.0,18058.028
2025-09-07T01:15:00+00:00,4290.0,4294.81,4286.04,4291.25,12186.18
2025-09-07T01:30:00+00:00,4291.26,4295.99,4289.32,4295.4,11268.271
2025-09-07T01:45:00+00:00,4295.41,4302.67,4292.0,4293.53,24703.619
2025-09-07T02:00:00+00:00,4293.53,4293.53,4287.0,4291.79,10979.446
2025-09-07T02:15:00+00:00,4291.79,4293.78,4287.02,4293.77,6962.595
2025-09-07T02:30:00+00:00,4293.77,4297.43,4289.0,4292.81,8172.985
2025-09-07T02:45:00+00:00,4292.8,4301.82,4292.8,4297.67,11507.972
2025-09-07T03:00:00+00:00,4297.67,4299.5,4293.33,4293.79,5887.735
2025-09-07T03:15:00+00:00,4293.79,4302.0,4293.6,4301.41,11450.627
2025-09-07T03:30:00+00:00,4301.4,4302.5,4295.0,4295.58,7097.262
2025-09-07T03:45:00+00:00,4295.58,4296.66,4291.0,4295.51,7427.101
2025-09-07T04:00:00+00:00,4295.5,4297.79,4291.01,4291.27,8258.845
2025-09-07T04:15:00+00:00,4291.27,4294.7,4291.26,4294.0,5081.802
2025-09-07T04:30:00+00:00,4294.0,4296.0,4291.94,4293.0,4674.732
2025-09-07T04:45:00+00:00,4293.0,4300.67,4292.99,4299.1,8800.492
2025-09-07T05:00:00+00:00,4299.09,4299.78,4294.65,4297.75,6720.317
2025-09-07T05:15:00+00:00,4297.75,4302.0,4295.65,4300.15,7883.063
2025-09-07T05:30:00+00:00,4300.19,4300.2,4292.99,4292.99,7854.627
2025-09-07T05:45:00+00:00,4293.0,4294.29,4290.6,4292.61,8258.968
2025-09-07T06:00:00+00:00,4292.61,4294.0,4288.92,4288.92,5711.369
2025-09-07T06:15:00+00:00,4288.93,4290.17,4286.07,4288.8,11058.355
2025-09-07T06:30:00+00:00,4288.8,4291.5,4281.29,4284.5,16246.147
2025-09-07T06:45:00+00:00,4284.51,4288.56,4280.57,4282.0,7926.171
2025-09-07T07:00:00+00:00,4282.0,4284.65,4276.0,4283.6,18946.248
2025-09-07T07:15:00+00:00,4283.59,4292.6,4281.24,4291.01,11131.612
2025-09-07T07:30:00+00:00,4291.01,4305.73,4291.01,4297.2,36973.524
2025-09-07T07:45:00+00:00,4297.2,4300.2,4289.63,4293.0,19391.467
2025-09-07T08:00:00+00:00,4293.0,4300.8,4292.64,4299.68,19108.304
2025-09-07T08:15:00+00:00,4299.67,4313.47,4297.8,4307.0,38186.236
2025-09-07T08:30:00+00:00,4307.0,4312.0,4302.0,4302.01,17263.528
2025-09-07T08:45:00+00:00,4302.01,4307.76,4299.35,4299.36,13641.678
2025-09-07T09:00:00+00:00,4299.35,4306.79,4297.43,4304.51,10240.01
2025-09-07T09:15:00+00:00,4304.51,4309.48,4298.0,4299.21,12939.561
2025-09-07T09:30:00+00:00,4299.22,4299.22,4292.0,4292.4,18747.133
2025-09-07T09:45:00+00:00,4292.4,4298.0,4290.0,4297.81,14170.428
2025-09-07T10:00:00+00:00,4297.82,4304.0,4294.57,4303.33,10104.451
2025-09-07T10:15:00+00:00,4303.34,4304.41,4296.0,4297.75,5569.216
2025-09-07T10:30:00+00:00,4297.75,4303.33,4297.74,4300.28,4940.571
2025-09-07T10:45:00+00:00,4300.29,4303.0,4296.85,4302.81,8676.93
2025-09-07T11:00:00+00:00,4302.81,4306.73,4302.45,4304.41,8607.636
2025-09-07T11:15:00+00:00,4304.4,4305.0,4301.1,4301.52,5895.164
2025-09-07T11:30:00+00:00,4301.52,4304.44,4301.4,4303.45,4633.385
2025-09-07T11:45:00+00:00,4303.46,4308.45,4301.61,4308.45,8889.426
2025-09-07T12:00:00+00:00,4308.44,4308.96,4295.03,4298.11,17479.972
2025-09-07T12:15:00+00:00,4298.1,4298.11,4291.64,4294.55,11750.095
2025-09-07T12:30:00+00:00,4294.54,4301.67,4293.21,4295.81,16660.087
2025-09-07T12:45:00+00:00,4295.81,4298.88,4294.24,4298.88,5498.477
2025-09-07T13:00:00+00:00,4298.88,4299.09,4294.47,4294.47,5306.092
2025-09-07T13:15:00+00:00,4294.48,4296.69,4285.94,4296.2,25250.727
2025-09-07T13:30:00+00:00,4296.19,4306.0,4295.42,4300.0,16223.128
2025-09-07T13:45:00+00:00,4300.0,4303.86,4296.01,4302.9,7353.177
2025-09-07T14:00:00+00:00,4302.9,4308.0,4295.6,4300.64,18134.111
2025-09-07T14:15:00+00:00,4300.65,4305.42,4295.13,4298.63,10931.008
2025-09-07T14:30:00+00:00,4298.63,4309.98,4295.29,4308.8,15000.612
2025-09-07T14:45:00+00:00,4308.8,4308.88,4294.55,4297.92,17210.59
2025-09-07T15:00:00+00:00,4297.92,4298.4,4294.02,4295.13,11284.666
2025-09-07T15:15:00+00:00,4295.12,4302.56,4294.73,4297.92,11737.443
2025-09-07T15:30:00+00:00,4297.91,4302.78,4295.33,4302.33,7838.349
2025-09-07T15:45:00+00:00,4302.33,4302.86,4295.01,4297.23,6582.903
2025-09-07T16:00:00+00:00,4297.23,4299.5,4290.2,4292.57,16772.536
2025-09-07T16:15:00+00:00,4292.57,4294.3,4283.0,4288.8,25744.004
2025-09-07T16:30:00+00:00,4288.8,4291.53,4283.28,4289.4,14775.175
2025-09-07T16:45:00+00:00,4289.39,4290.66,4281.02,4281.89,15899.401
2025-09-07T17:00:00+00:00,4281.89,4286.0,4272.71,4275.68,26801.858
2025-09-07T17:15:00+00:00,4275.68,4280.54,4269.0,4272.11,50978.12
2025-09-07T17:30:00+00:00,4272.11,4283.67,4270.34,4281.67,13023.552
2025-09-07T17:45:00+00:00,4281.67,4283.57,4273.33,4273.34,7942.864
2025-09-07T18:00:00+00:00,4273.34,4280.26,4271.8,4278.02,7004.633
2025-09-07T18:15:00+00:00,4278.02,4281.97,4273.81,4273.81,5574.571
2025-09-07T18:30:00+00:00,4273.82,4279.0,4268.01,4275.45,16398.501
2025-09-07T18:45:00+00:00,4275.45,4282.0,4274.0,4279.59,7419.376
2025-09-07T19:00:00+00:00,4279.6,4286.88,4275.81,4275.94,15495.211
2025-09-07T19:15:00+00:00,4275.94,4281.87,4275.0,4280.0,5973.324
2025-09-07T19:30:00+00:00,4280.0,4295.0,4279.12,4294.36,14156.11
2025-09-07T19:45:00+00:00,4294.36,4294.97,4288.66,4291.75,6512.857
2025-09-07T20:00:00+00:00,4291.75,4292.27,4279.25,4279.8,8840.958
2025-09-07T20:15:00+00:00,4279.79,4285.05,4279.44,4283.8,2773.918
2025-09-07T20:30:00+00:00,4283.8,4285.6,4281.12,4285.6,2381.01
2025-09-07T20:45:00+00:00,4285.59,4298.99,4285.34,4298.55,11115.118
2025-09-07T21:00:00+00:00,4298.56,4298.92,4288.0,4295.84,9148.132
2025-09-07T21:15:00+00:00,4295.84,4295.84,4286.09,4286.48,5799.101
2025-09-07T21:30:00+00:00,4286.48,4294.25,4286.48,4288.98,5783.691
2025-09-07T21:45:00+00:00,4288.98,4292.0,4285.0,4286.29,3631.47
2025-09-07T22:00:00+00:00,4286.29,4295.0,4284.79,4294.99,10609.989
2025-09-07T22:15:00+00:00,4295.0,4304.56,4295.0,4302.27,18942.267
2025-09-07T22:30:00+00:00,4302.28,4304.99,4293.01,4300.14,8728.236
2025-09-07T22:45:00+00:00,4300.15,4308.99,4300.15,4307.6,13613.143
2025-09-07T23:00:00+00:00,4307.6,4317.85,4307.59,4314.0,32336.927
2025-09-07T23:15:00+00:00,4314.0,4336.0,4313.11,4326.52,47612.26
2025-09-07T23:30:00+00:00,4326.51,4328.7,4317.15,4322.64,12787.147
2025-09-07T23:45:00+00:00,4322.64,4324.17,4296.55,4304.1,33849.377
2025-09-08T00:00:00+00:00,4304.1,4313.0,4299.01,4302.38,18758.639
2025-09-08T00:15:00+00:00,4302.38,4316.0,4290.43,4315.11,23984.708
2025-09-08T00:30:00+00:00,4315.11,4317.01,4304.6,4310.09,18359.122
2025-09-08T00:45:00+00:00,4310.09,4310.9,4293.55,4297.35,16087.791
2025-09-08T01:00:00+00:00,4297.35,4301.04,4290.5,4292.19,18208.212
2025-09-08T01:15:00+00:00,4292.19,4296.0,4281.43,4285.7,24889.996
2025-09-08T01:30:00+00:00,4285.7,4297.5,4285.0,4290.0,11662.623
2025-09-08T01:45:00+00:00,4290.01,4293.67,4286.84,4291.01,9607.851
2025-09-08T02:00:00+00:00,4291.01,4293.68,4283.02,4290.39,10047.211
2025-09-08T02:15:00+00:00,4290.4,4294.84,4277.0,4285.41,21014.876
2025-09-08T02:30:00+00:00,4285.41,4307.36,4283.67,4301.2,29942.245
2025-09-08T02:45:00+00:00,4301.2,4307.68,4298.14,4307.3,16846.771
2025-09-08T03:00:00+00:00,4307.31,4310.99,4302.01,4306.54,16543.23
2025-09-08T03:15:00+00:00,4306.55,4309.29,4303.0,4307.85,10883.328
2025-09-08T03:30:00+00:00,4307.85,4329.48,4307.75,4315.53,45001.863
2025-09-08T03:45:00+00:00,4315.54,4317.5,4305.15,4310.0,24151.356
2025-09-08T04:00:00+00:00,4310.0,4312.0,4295.38,4303.0,21513.411
2025-09-08T04:15:00+00:00,4303.0,4306.32,4298.8,4303.95,9733.059
2025-09-08T04:30:00+00:00,4303.95,4308.45,4298.53,4301.79,9884.958
2025-09-08T04:45:00+00:00,4301.79,4302.86,4293.9,4296.08,14887.45
2025-09-08T05:00:00+00:00,4296.07,4301.42,4294.0,4295.43,7474.532
2025-09-08T05:15:00+00:00,4295.43,4302.97,4292.03,4295.78,10193.06
2025-09-08T05:30:00+00:00,4295.78,4296.02,4288.0,4288.16,18671.455
2025-09-08T05:45:00+00:00,4288.16,4297.0,4287.89,4295.44,7431.87
2025-09-08T06:00:00+00:00,4295.43,4297.53,4287.9,4292.5,11683.49
2025-09-08T06:15:00+00:00,4292.5,4301.49,4290.68,4300.17,15357.767
2025-09-08T06:30:00+00:00,4300.16,4302.0,4297.33,4298.25,8816.358
2025-09-08T06:45:00+00:00,4298.24,4298.25,4290.13,4290.23,12037.146
2025-09-08T07:00:00+00:00,4290.22,4297.5,4289.13,4297.42,9653.041
2025-09-08T07:15:00+00:00,4297.42,4308.15,4295.28,4304.0,18120.622
2025-09-08T07:30:00+00:00,4304.01,4310.41,4289.84,4293.95,28289.298
2025-09-08T07:45:00+00:00,4293.95,4294.63,4285.68,4290.7,17332.89
2025-09-08T08:00:00+00:00,4290.7,4293.6,4286.51,4290.87,12077.805
2025-09-08T08:15:00+00:00,4290.87,4297.46,4287.5,4293.24,12251.402
2025-09-08T08:30:00+00:00,4293.25,4303.39,4292.48,4300.72,25464.132
2025-09-08T08:45:00+00:00,4300.72,4303.67,4294.0,4300.47,20305.528
2025-09-08T09:00:00+00:00,4300.47,4316.68,4295.54,4315.47,30550.736
2025-09-08T09:15:00+00:00,4315.47,4333.0,4315.33,4318.79,76752.93
2025-09-08T09:30:00+00:00,4318.8,4319.79,4305.21,4311.36,36802.698
2025-09-08T09:45:00+00:00,4311.36,4318.04,4309.71,4318.04,18947.853
2025-09-08T10:00:00+00:00,4318.04,4328.88,4313.53,4322.49,28496.037
2025-09-08T10:15:00+00:00,4322.49,4332.0,4320.0,4330.74,27057.529
2025-09-08T10:30:00+00:00,4330.74,4333.0,4319.01,4332.89,27253.493
2025-09-08T10:45:00+00:00,4332.88,4336.74,4325.0,4327.0,26627.45
2025-09-08T11:00:00+00:00,4327.01,4328.38,4316.0,4318.43,27867.713
2025-09-08T11:15:00+00:00,4318.43,4323.08,4298.34,4302.76,45148.912
2025-09-08T11:30:00+00:00,4302.76,4305.32,4297.11,4305.0,34951.039
2025-09-08T11:45:00+00:00,4304.99,4318.48,4304.99,4310.47,28381.459
2025-09-08T12:00:00+00:00,4310.47,4318.0,4305.0,4306.54,18586.269
2025-09-08T12:15:00+00:00,4306.55,4315.0,4304.0,4313.67,15091.601
2025-09-08T12:30:00+00:00,4313.67,4320.61,4312.05,4319.58,15056.299
2025-09-08T12:45:00+00:00,4319.58,4321.0,4314.17,4318.5,11147.585
2025-09-08T13:00:00+00:00,4318.5,4361.5,4317.51,4357.63,123132.378
2025-09-08T13:15:00+00:00,4357.64,4361.41,4334.08,4338.5,68539.739
2025-09-08T13:30:00+00:00,4338.5,4347.55,4317.01,4331.39,95895.496
2025-09-08T13:45:00+00:00,4331.4,4338.89,4314.0,4318.24,51083.057
2025-09-08T14:00:00+00:00,4318.23,4335.0,4312.63,4325.5,45176.854
2025-09-08T14:15:00+00:00,4325.49,4343.68,4317.22,4341.27,36370.558
2025-09-08T14:30:00+00:00,4341.24,4357.39,4336.0,4341.96,62057.49
2025-09-08T14:45:00+00:00,4341.96,4352.85,4338.57,4348.82,20893.87
2025-09-08T15:00:00+00:00,4348.82,4367.21,4342.18,4361.19,73076.702
2025-09-08T15:15:00+00:00,4361.19,4382.36,4361.19,4379.6,103689.818
2025-09-08T15:30:00+00:00,4379.6,4380.53,4360.05,4369.99,43719.61
2025-09-08T15:45:00+00:00,4370.0,4372.03,4360.0,4370.0,27891.462
2025-09-08T16:00:00+00:00,4369.99,4371.94,4356.28,4356.43,26519.536
2025-09-08T16:15:00+00:00,4356.44,4367.01,4348.05,4364.17,34433.147
2025-09-08T16:30:00+00:00,4364.17,4365.0,4334.15,4345.67,44401.93
2025-09-08T16:45:00+00:00,4345.66,4345.72,4332.0,4337.85,36208.341
2025-09-08T17:00:00+00:00,4337.85,4339.0,4325.6,4329.15,37251.808
2025-09-08T17:15:00+00:00,4329.15,4342.39,4329.15,4339.12,29180.011
2025-09-08T17:30:00+00:00,4339.11,4339.79,4323.01,4323.5,21194.579
2025-09-08T17:45:00+00:00,4323.5,4327.85,4298.0,4309.6,93589.215
2025-09-08T18:00:00+00:00,4309.6,4322.22,4308.0,4316.86,31476.89
2025-09-08T18:15:00+00:00,4316.86,4327.54,4316.86,4327.18,18200.842
2025-09-08T18:30:00+00:00,4327.18,4328.89,4317.88,4325.63,18541.339
2025-09-08T18:45:00+00:00,4325.63,4334.71,4325.31,4328.38,14061.914
2025-09-08T19:00:00+00:00,4328.38,4328.38,4307.65,4313.06,24743.977
2025-09-08T19:15:00+00:00,4313.07,4314.75,4299.4,4309.85,31627.301
2025-09-08T19:30:00+00:00,4309.86,4310.52,4282.23,4291.8,61468.929
2025-09-08T19:45:00+00:00,4291.8,4299.89,4286.25,4292.0,27116.606
2025-09-08T20:00:00+00:00,4292.01,4296.97,4284.8,4288.4,19626.991
2025-09-08T20:15:00+00:00,4288.39,4289.76,4281.0,4285.54,20686.313
2025-09-08T20:30:00+00:00,4285.54,4302.33,4283.57,4287.29,22697.539
2025-09-08T20:45:00+00:00,4287.29,4298.25,4286.01,4297.59,9868.555
2025-09-08T21:00:00+00:00,4297.6,4304.0,4293.89,4301.6,10667.812
2025-09-08T21:15:00+00:00,4301.59,4308.0,4299.84,4306.9,10698.9
2025-09-08T21:30:00+00:00,4306.9,4316.68,4303.61,4308.51,13092.873
2025-09-08T21:45:00+00:00,4308.51,4320.88,4308.5,4320.87,13390.61
2025-09-08T22:00:00+00:00,4320.87,4332.85,4316.57,4322.88,28035.028
2025-09-08T22:15:00+00:00,4322.87,4324.0,4315.28,4317.6,11107.094
2025-09-08T22:30:00+00:00,4317.6,4319.29,4308.59,4314.42,13161.884
2025-09-08T22:45:00+00:00,4314.42,4318.5,4306.6,4310.04,13133.286
2025-09-08T23:00:00+00:00,4310.03,4319.25,4307.34,4313.5,11402.046
2025-09-08T23:15:00+00:00,4313.51,4319.4,4295.22,4302.5,20800.365
2025-09-08T23:30:00+00:00,4302.51,4304.81,4296.0,4299.1,16029.059
2025-09-08T23:45:00+00:00,4299.1,4312.0,4297.32,4305.16,12998.604
2025-09-09T00:00:00+00:00,4305.15,4310.7,4302.25,4307.41,13396.254
2025-09-09T00:15:00+00:00,4307.41,4314.86,4294.11,4299.3,22841.242
2025-09-09T00:30:00+00:00,4299.3,4299.6,4288.01,4298.99,24560.671
2025-09-09T00:45:00+00:00,4298.99,4307.12,4291.4,4301.22,16010.883
2025-09-09T01:00:00+00:00,4301.22,4307.84,4296.83,4297.74,14571.49
2025-09-09T01:15:00+00:00,4297.74,4297.74,4284.06,4290.0,34466.784
2025-09-09T01:30:00+00:00,4290.0,4295.22,4282.0,4294.0,20568.373
2025-09-09T01:45:00+00:00,4294.0,4294.0,4283.98,4286.53,13056.693
2025-09-09T02:00:00+00:00,4286.52,4288.13,4279.39,4282.0,22350.288
2025-09-09T02:15:00+00:00,4281.99,4291.0,4276.01,4284.71,23736.851
2025-09-09T02:30:00+00:00,4284.71,4295.0,4282.0,4288.89,16779.091
2025-09-09T02:45:00+00:00,4288.9,4292.91,4276.64,4290.12,23470.814
2025-09-09T03:00:00+00:00,4290.13,4297.0,4287.99,4295.13,17676.674
2025-09-09T03:15:00+00:00,4295.14,4304.04,4292.21,4300.64,23621.385
2025-09-09T03:30:00+00:00,4300.65,4303.0,4293.31,4300.51,13371.37
2025-09-09T03:45:00+00:00,4300.52,4307.91,4297.71,4305.5,17648.121
2025-09-09T04:00:00+00:00,4305.5,4307.0,4302.25,4302.65,9549.39
2025-09-09T04:15:00+00:00,4302.65,4314.44,4302.21,4310.43,26185.559
2025-09-09T04:30:00+00:00,4310.43,4313.6,4305.0,4308.94,19609.131
2025-09-09T04:45:00+00:00,4308.95,4316.69,4306.0,4312.5,14868.129
2025-09-09T05:00:00+00:00,4312.5,4313.0,4303.54,4305.37,17726.581
2025-09-09T05:15:00+00:00,4305.38,4309.5,4300.77,4306.2,22707.422
2025-09-09T05:30:00+00:00,4306.2,4310.0,4304.44,4309.99,9364.91
2025-09-09T05:45:00+00:00,4310.0,4319.79,4309.13,4317.56,15248.375
2025-09-09T06:00:00+00:00,4317.57,4342.29,4313.92,4340.9,64408.03
2025-09-09T06:15:00+00:00,4340.91,4351.8,4335.83,4344.48,69859.503
2025-09-09T06:30:00+00:00,4344.48,4369.77,4344.47,4359.48,77589.562
2025-09-09T06:45:00+00:00,4359.48,4374.07,4357.78,4364.13,52803.922
2025-09-09T07:00:00+00:00,4364.13,4376.94,4363.53,4372.99,35642.345
2025-09-09T07:15:00+00:00,4373.0,4380.0,4365.94,4370.79,41705.071
2025-09-09T07:30:00+00:00,4370.8,4371.12,4352.71,4354.4,46691.034
2025-09-09T07:45:00+00:00,4354.4,4360.29,4345.0,4360.27,43661.795
2025-09-09T08:00:00+00:00,4360.27,4365.71,4354.06,4356.0,22131.003
2025-09-09T08:15:00+00:00,4356.0,4358.83,4342.0,4358.13,29527.059
2025-09-09T08:30:00+00:00,4358.13,4365.0,4358.13,4360.15,17483.771
2025-09-09T08:45:00+00:00,4360.15,4360.78,4348.15,4358.39,22016.245
2025-09-09T09:00:00+00:00,4358.39,4360.0,4351.0,4355.1,9136.61
2025-09-09T09:15:00+00:00,4355.11,4364.99,4355.1,4364.98,13988.71
2025-09-09T09:30:00+00:00,4364.98,4365.0,4358.18,4360.25,7917.289
2025-09-09T09:45:00+00:00,4360.26,4361.6,4353.56,4355.96,10256.721
2025-09-09T10:00:00+00:00,4355.97,4362.0,4355.3,4357.48,7611.77
2025-09-09T10:15:00+00:00,4357.47,4360.21,4345.03,4345.34,17450.957
2025-09-09T10:30:00+00:00,4345.34,4360.44,4341.0,4357.59,25821.326
2025-09-09T10:45:00+00:00,4357.58,4357.6,4342.0,4347.46,22489.996
2025-09-09T11:00:00+00:00,4347.46,4354.0,4346.0,4349.66,8671.642
2025-09-09T11:15:00+00:00,4349.67,4355.44,4343.5,4353.6,16077.039
2025-09-09T11:30:00+00:00,4353.6,4354.8,4347.06,4351.48,8707.726
2025-09-09T11:45:00+00:00,4351.48,4354.68,4345.38,4346.65,8388.6
2025-09-09T12:00:00+00:00,4346.66,4358.0,4327.33,4355.62,63801.116
2025-09-09T12:15:00+00:00,4355.62,4366.57,4354.56,4365.4,30669.579
2025-09-09T12:30:00+00:00,4365.4,4366.41,4345.67,4347.4,37661.56
2025-09-09T12:45:00+00:00,4347.4,4353.85,4343.8,4344.49,17081.322
2025-09-09T13:00:00+00:00,4344.49,4346.96,4327.0,4339.11,60153.716
2025-09-09T13:15:00+00:00,4339.11,4342.99,4323.2,4341.04,45825.168
2025-09-09T13:30:00+00:00,4341.04,4358.98,4337.45,4356.45,51713.389
2025-09-09T13:45:00+00:00,4356.44,4359.66,4337.85,4345.99,35363.231
2025-09-09T14:00:00+00:00,4346.0,4361.85,4305.21,4335.12,205569.669
2025-09-09T14:15:00+00:00,4335.12,4336.0,4313.0,4321.88,49795.417
2025-09-09T14:30:00+00:00,4321.88,4321.89,4284.0,4291.74,137561.568
2025-09-09T14:45:00+00:00,4291.74,4306.0,4287.24,4304.77,42102.782
2025-09-09T15:00:00+00:00,4304.77,4308.88,4283.75,4291.17,48894.588
2025-09-09T15:15:00+00:00,4291.17,4297.64,4282.0,4290.09,44544.138
2025-09-09T15:30:00+00:00,4290.08,4292.74,4276.67,4278.57,54973.121
2025-09-09T15:45:00+00:00,4278.58,4295.56,4277.35,4284.51,46517.167
2025-09-09T16:00:00+00:00,4284.51,4294.0,4279.22,4293.99,25184.203
2025-09-09T16:15:00+00:00,4293.99,4297.0,4280.93,4286.38,23957.054
2025-09-09T16:30:00+00:00,4286.37,4290.34,4281.0,4282.01,16589.402
2025-09-09T16:45:00+00:00,4282.01,4288.63,4277.14,4287.3,20264.476
2025-09-09T17:00:00+00:00,4287.3,4296.85,4286.0,4290.35,28159.971
2025-09-09T17:15:00+00:00,4290.35,4292.94,4280.09,4283.58,24798.522
2025-09-09T17:30:00+00:00,4283.59,4286.0,4278.98,4285.9,15583.353
2025-09-09T17:45:00+00:00,4285.9,4287.99,4280.16,4285.22,12261.71
2025-09-09T18:00:00+00:00,4285.21,4290.59,4280.07,4284.99,16235.637
2025-09-09T18:15:00+00:00,4284.99,4293.0,4283.46,4289.57,11175.476
2025-09-09T18:30:00+00:00,4289.57,4289.76,4281.76,4282.33,9685.186
2025-09-09T18:45:00+00:00,4282.34,4289.97,4282.11,4285.9,7228.486
2025-09-09T19:00:00+00:00,4285.9,4292.35,4284.32,4290.3,8625.214
2025-09-09T19:15:00+00:00,4290.3,4295.0,4287.78,4294.85,10190.998
2025-09-09T19:30:00+00:00,4294.85,4299.0,4290.0,4291.6,10690.395
2025-09-09T19:45:00+00:00,4291.6,4297.5,4291.28,4293.88,6547.527
2025-09-09T20:00:00+00:00,4293.87,4294.26,4283.5,4286.88,15777.237
2025-09-09T20:15:00+00:00,4286.88,4291.78,4280.55,4283.6,10294.684
2025-09-09T20:30:00+00:00,4283.6,4289.22,4283.59,4286.38,4554.076
2025-09-09T20:45:00+00:00,4286.38,4305.0,4286.37,4304.43,27234.978
2025-09-09T21:00:00+00:00,4304.43,4319.94,4299.01,4313.69,26816.673
2025-09-09T21:15:00+00:00,4313.73,4319.26,4292.63,4298.46,17455.848
2025-09-09T21:30:00+00:00,4298.46,4312.29,4295.8,4301.96,10324.799
2025-09-09T21:45:00+00:00,4301.96,4303.61,4296.67,4301.9,4831.62
2025-09-09T22:00:00+00:00,4301.89,4315.87,4298.39,4313.58,12847.607
2025-09-09T22:15:00+00:00,4313.59,4314.19,4307.68,4308.25,8735.557
2025-09-09T22:30:00+00:00,4308.25,4314.29,4306.81,4314.29,8392.571
2025-09-09T22:45:00+00:00,4314.28,4318.3,4309.12,4318.19,12594.899
2025-09-09T23:00:00+00:00,4318.2,4318.64,4311.43,4312.0,9362.092
2025-09-09T23:15:00+00:00,4312.01,4312.44,4304.57,4307.42,8439.021
2025-09-09T23:30:00+00:00,4307.42,4315.07,4302.0,4314.99,19571.237
2025-09-09T23:45:00+00:00,4315.0,4315.49,4307.01,4309.56,8060.052
2025-09-10T00:00:00+00:00,4309.55,4314.89,4305.92,4310.0,9328.155
2025-09-10T00:15:00+00:00,4310.0,4310.01,4295.03,4297.32,24637.577
2025-09-10T00:30:00+00:00,4297.32,4305.0,4293.1,4298.75,16453.488
2025-09-10T00:45:00+00:00,4298.75,4298.99,4284.6,4285.28,26518.643
2025-09-10T01:00:00+00:00,4285.28,4291.75,4285.0,4291.46,11886.28
2025-09-10T01:15:00+00:00,4291.46,4305.86,4289.6,4301.09,19663.415
2025-09-10T01:30:00+00:00,4301.09,4313.99,4298.57,4303.15,23560.312
2025-09-10T01:45:00+00:00,4303.16,4305.71,4296.4,4302.31,14425.241
2025-09-10T02:00:00+00:00,4302.32,4315.56,4302.31,4312.36,34636.479
2025-09-10T02:15:00+00:00,4312.36,4324.74,4310.02,4317.9,31010.813
2025-09-10T02:30:00+00:00,4317.9,4326.79,4316.0,4321.04,24275.306
2025-09-10T02:45:00+00:00,4321.05,4322.83,4314.19,4316.92,18521.985
2025-09-10T03:00:00+00:00,4316.92,4318.38,4310.24,4318.37,15834.402
2025-09-10T03:15:00+00:00,4318.38,4323.5,4306.57,4310.4,18206.807
2025-09-10T03:30:00+00:00,4310.39,4319.0,4309.61,4311.48,11522.486
2025-09-10T03:45:00+00:00,4311.47,4319.96,4311.47,4319.96,10402.812
2025-09-10T04:00:00+00:00,4319.95,4319.95,4311.25,4317.31,8347.786
2025-09-10T04:15:00+00:00,4317.32,4317.6,4310.35,4315.71,8871.7
2025-09-10T04:30:00+00:00,4315.7,4317.65,4307.11,4310.21,9895.837
2025-09-10T04:45:00+00:00,4310.2,4314.2,4307.7,4311.79,6608.032
2025-09-10T05:00:00+00:00,4311.79,4311.8,4303.22,4310.0,11685.241
2025-09-10T05:15:00+00:00,4310.0,4315.98,4301.43,4313.56,15909.801
2025-09-10T05:30:00+00:00,4313.55,4318.39,4310.18,4316.41,11513.258
2025-09-10T05:45:00+00:00,4316.4,4318.3,4293.39,4307.94,37856.776
2025-09-10T06:00:00+00:00,4307.84,4308.4,4296.62,4298.65,30186.53
2025-09-10T06:15:00+00:00,4298.65,4310.0,4298.0,4308.94,14697.269
2025-09-10T06:30:00+00:00,4308.94,4315.5,4306.83,4313.9,14468.691
2025-09-10T06:45:00+00:00,4313.91,4318.0,4310.0,4312.22,13592.452
2025-09-10T07:00:00+00:00,4312.23,4318.6,4311.0,4317.87,9565.765
2025-09-10T07:15:00+00:00,4317.87,4333.0,4312.0,4330.39,32832.584
2025-09-10T07:30:00+00:00,4330.4,4332.98,4322.0,4323.96,31825.71
2025-09-10T07:45:00+00:00,4323.96,4331.51,4320.4,4328.24,23005.135
2025-09-10T08:00:00+00:00,4328.24,4331.2,4323.15,4331.2,21784.569
2025-09-10T08:15:00+00:00,4331.2,4332.89,4322.0,4327.76,21159.609
2025-09-10T08:30:00+00:00,4327.76,4329.92,4322.0,4327.79,17839.813
2025-09-10T08:45:00+00:00,4327.8,4332.0,4324.0,4330.11,18789.673
2025-09-10T09:00:00+00:00,4330.12,4331.0,4307.05,4317.5,45136.436
2025-09-10T09:15:00+00:00,4317.51,4322.99,4311.19,4320.02,17830.903
2025-09-10T09:30:00+00:00,4320.02,4326.99,4317.68,4320.9,11763.06
2025-09-10T09:45:00+00:00,4320.89,4326.0,4318.19,4323.27,9836.383
2025-09-10T10:00:00+00:00,4323.26,4325.95,4319.49,4321.83,10317.402
2025-09-10T10:15:00+00:00,4321.83,4328.68,4315.78,4327.97,14805.623
2025-09-10T10:30:00+00:00,4327.97,4331.86,4325.74,4328.57,20702.275
2025-09-10T10:45:00+00:00,4328.57,4329.6,4324.29,4325.52,7804.697
2025-09-10T11:00:00+00:00,4325.53,4330.89,4324.13,4330.88,10346.585
2025-09-10T11:15:00+00:00,4330.89,4331.56,4325.69,4327.48,9667.132
2025-09-10T11:30:00+00:00,4327.48,4328.5,4320.0,4323.64,11646.005
2025-09-10T11:45:00+00:00,4323.65,4330.0,4322.4,4329.97,8898.036
2025-09-10T12:00:00+00:00,4329.98,4335.59,4328.33,4332.03,26057.32
2025-09-10T12:15:00+00:00,4332.03,4348.0,4329.91,4343.16,53192.901
2025-09-10T12:30:00+00:00,4343.17,4393.96,4342.94,4378.15,292190.771
2025-09-10T12:45:00+00:00,4378.15,4381.88,4356.28,4369.95,63805.309
2025-09-10T13:00:00+00:00,4369.95,4390.85,4363.79,4382.9,80006.641
2025-09-10T13:15:00+00:00,4382.9,4390.38,4367.43,4370.0,51971.907
2025-09-10T13:30:00+00:00,4370.0,4388.25,4355.13,4386.49,69499.27
2025-09-10T13:45:00+00:00,4386.49,4438.37,4386.49,4416.93,246037.01
2025-09-10T14:00:00+00:00,4416.93,4453.74,4416.93,4434.0,124691.528
2025-09-10T14:15:00+00:00,4434.0,4442.97,4423.34,4423.34,51166.881
2025-09-10T14:30:00+00:00,4423.35,4430.84,4406.38,4418.98,58295.078
2025-09-10T14:45:00+00:00,4418.98,4420.66,4396.65,4399.79,65980.463
2025-09-10T15:00:00+00:00,4399.78,4421.54,4399.78,4421.54,33051.207
2025-09-10T15:15:00+00:00,4421.53,4423.6,4402.33,4404.91,33033.619
2025-09-10T15:30:00+00:00,4404.9,4408.58,4395.04,4407.91,31662.408
2025-09-10T15:45:00+00:00,4407.91,4409.44,4397.08,4403.66,16029.803
2025-09-10T16:00:00+00:00,4403.65,4408.12,4381.32,4382.01,54893.004
2025-09-10T16:15:00+00:00,4382.01,4388.0,4360.86,4372.51,70705.698
2025-09-10T16:30:00+00:00,4372.51,4378.67,4362.84,4373.15,36502.115
2025-09-10T16:45:00+00:00,4373.16,4384.44,4368.5,4384.38,36025.255
2025-09-10T17:00:00+00:00,4384.38,4394.6,4377.41,4391.12,36276.053
2025-09-10T17:15:00+00:00,4391.11,4396.0,4343.0,4347.2,93220.846
2025-09-10T17:30:00+00:00,4347.19,4359.79,4340.78,4355.5,60112.809
2025-09-10T17:45:00+00:00,4355.49,4366.96,4351.75,4364.99,26129.035
2025-09-10T18:00:00+00:00,4365.0,4371.6,4352.0,4358.7,27024.66
2025-09-10T18:15:00+00:00,4358.7,4358.7,4330.4,4334.77,67762.733
2025-09-10T18:30:00+00:00,4334.77,4347.73,4327.51,4340.49,46412.0
2025-09-10T18:45:00+00:00,4340.58,4344.35,4325.0,4340.14,35053.328
2025-09-10T19:00:00+00:00,4340.15,4341.32,4321.0,4322.65,31546.315
2025-09-10T19:15:00+00:00,4322.66,4324.55,4300.62,4307.81,78088.779
2025-09-10T19:30:00+00:00,4307.81,4315.97,4299.0,4313.16,53836.054
2025-09-10T19:45:00+00:00,4313.16,4326.0,4310.64,4321.08,25519.974
2025-09-10T20:00:00+00:00,4321.07,4332.5,4319.1,4330.89,32323.442
2025-09-10T20:15:00+00:00,4330.89,4334.96,4324.41,4329.2,19561.462
2025-09-10T20:30:00+00:00,4329.2,4333.5,4322.89,4328.2,9496.547
2025-09-10T20:45:00+00:00,4328.2,4330.16,4323.99,4328.73,8754.301
2025-09-10T21:00:00+00:00,4328.74,4340.68,4326.84,4338.1,16162.495
2025-09-10T21:15:00+00:00,4338.09,4342.7,4329.49,4331.9,12131.409
2025-09-10T21:30:00+00:00,4331.9,4349.99,4331.89,4347.43,18933.319
2025-09-10T21:45:00+00:00,4347.43,4354.41,4342.1,4348.89,11559.137
2025-09-10T22:00:00+00:00,4348.9,4354.8,4345.69,4350.73,15664.788
2025-09-10T22:15:00+00:00,4350.72,4352.0,4341.04,4344.99,12856.292
2025-09-10T22:30:00+00:00,4344.99,4345.48,4336.0,4339.42,14240.409
2025-09-10T22:45:00+00:00,4339.41,4347.29,4337.5,4344.7,6841.99
2025-09-10T23:00:00+00:00,4344.7,4354.6,4344.4,4346.13,13849.217
2025-09-10T23:15:00+00:00,4346.13,4354.38,4343.33,4343.33,8988.682
2025-09-10T23:30:00+00:00,4343.34,4346.0,4337.0,4344.53,11479.265
2025-09-10T23:45:00+00:00,4344.54,4349.89,4342.06,4347.99,10501.64
2025-09-11T00:00:00+00:00,4347.99,4348.0,4338.0,4338.0,11343.773
2025-09-11T00:15:00+00:00,4338.0,4346.5,4337.35,4345.99,11852.204
2025-09-11T00:30:00+00:00,4346.0,4347.44,4339.0,4345.93,6836.335
2025-09-11T00:45:00+00:00,4345.93,4358.9,4344.23,4358.01,19843.544
2025-09-11T01:00:00+00:00,4358.0,4382.77,4353.25,4378.7,65145.749
2025-09-11T01:15:00+00:00,4378.7,4381.98,4365.86,4370.01,26364.127
2025-09-11T01:30:00+00:00,4370.01,4375.48,4362.0,4365.01,17980.112
2025-09-11T01:45:00+00:00,4365.0,4369.14,4360.01,4363.67,15652.418
2025-09-11T02:00:00+00:00,4363.66,4377.02,4361.09,4373.45,15518.358
2025-09-11T02:15:00+00:00,4373.45,4374.0,4361.0,4370.05,26183.526
2025-09-11T02:30:00+00:00,4370.04,4380.79,4366.0,4380.44,21405.675
2025-09-11T02:45:00+00:00,4380.44,4384.44,4375.01,4375.34,22105.772
2025-09-11T03:00:00+00:00,4375.35,4380.0,4370.35,4377.48,17114.585
2025-09-11T03:15:00+00:00,4377.48,4394.98,4376.0,4393.48,39190.471
2025-09-11T03:30:00+00:00,4393.48,4393.49,4385.06,4388.35,20682.268
2025-09-11T03:45:00+00:00,4388.21,4407.81,4387.99,4402.72,41915.571
2025-09-11T04:00:00+00:00,4402.73,4408.11,4393.76,4401.0,30720.623
2025-09-11T04:15:00+00:00,4400.99,4418.88,4400.99,4412.46,44042.043
2025-09-11T04:30:00+00:00,4412.46,4417.2,4403.44,4414.18,20165.895
2025-09-11T04:45:00+00:00,4414.15,4414.42,4406.41,4410.28,15394.664
2025-09-11T05:00:00+00:00,4410.29,4412.76,4402.0,4403.22,20592.97
2025-09-11T05:15:00+00:00,4403.23,4412.8,4396.07,4405.32,33168.54
2025-09-11T05:30:00+00:00,4405.32,4424.54,4405.07,4414.73,38146.123
2025-09-11T05:45:00+00:00,4414.73,4421.4,4413.08,4417.49,15775.821
2025-09-11T06:00:00+00:00,4417.5,4421.67,4405.11,4417.55,26288.581
2025-09-11T06:15:00+00:00,4417.55,4432.0,4413.0,4425.52,41877.33
2025-09-11T06:30:00+00:00,4425.51,4440.0,4422.81,4436.1,49297.479
2025-09-11T06:45:00+00:00,4436.1,4442.8,4431.25,4438.46,29977.911
2025-09-11T07:00:00+00:00,4438.45,4448.88,4424.61,4443.24,65391.011
2025-09-11T07:15:00+00:00,4443.25,4445.42,4432.5,4435.5,21580.995
2025-09-11T07:30:00+00:00,4435.5,4442.0,4429.42,4439.7,25326.631
2025-09-11T07:45:00+00:00,4439.71,4443.8,4436.0,4438.57,17050.087
2025-09-11T08:00:00+00:00,4438.58,4440.97,4428.0,4431.75,20301.894
2025-09-11T08:15:00+00:00,4431.76,4432.0,4426.0,4427.19,17543.584
2025-09-11T08:30:00+00:00,4427.19,4438.46,4427.19,4435.62,12243.164
2025-09-11T08:45:00+00:00,4435.63,4436.45,4429.23,4429.69,9406.771
2025-09-11T09:00:00+00:00,4429.7,4433.0,4418.01,4418.02,29206.673
2025-09-11T09:15:00+00:00,4418.02,4421.5,4410.52,4415.01,39690.298
2025-09-11T09:30:00+00:00,4415.01,4415.01,4405.43,4410.0,32616.842
2025-09-11T09:45:00+00:00,4410.0,4419.44,4405.0,4415.43,21391.77
2025-09-11T10:00:00+00:00,4415.43,4427.59,4413.68,4425.77,25760.989
2025-09-11T10:15:00+00:00,4425.76,4426.29,4420.0,4422.29,14171.257
2025-09-11T10:30:00+00:00,4422.29,4423.73,4416.67,4419.85,12699.844
2025-09-11T10:45:00+00:00,4419.84,4429.34,4417.5,4426.16,16255.302
2025-09-11T11:00:00+00:00,4426.16,4437.49,4421.26,4432.7,29470.07
2025-09-11T11:15:00+00:00,4432.7,4435.24,4425.68,4426.0,17264.597
2025-09-11T11:30:00+00:00,4426.01,4438.4,4422.0,4434.07,29252.469
2025-09-11T11:45:00+00:00,4434.06,4437.91,4427.0,4428.51,14141.837
2025-09-11T12:00:00+00:00,4428.51,4464.98,4422.5,4452.4,110478.269
2025-09-11T12:15:00+00:00,4452.41,4473.2,4436.98,4472.28,95166.998
2025-09-11T12:30:00+00:00,4472.28,4481.0,4346.36,4412.98,492078.633
2025-09-11T12:45:00+00:00,4412.99,4443.66,4412.4,4424.63,101971.238
2025-09-11T13:00:00+00:00,4424.64,4426.88,4383.32,4391.0,120307.828
2025-09-11T13:15:00+00:00,4391.0,4413.39,4383.86,4405.51,63711.872
2025-09-11T13:30:00+00:00,4405.52,4423.12,4396.0,4398.04,71122.391
2025-09-11T13:45:00+00:00,4398.05,4442.0,4390.0,4435.96,92175.149
2025-09-11T14:00:00+00:00,4435.92,4437.24,4407.8,4409.77,58132.599
2025-09-11T14:15:00+00:00,4409.77,4410.16,4394.51,4407.23,63261.612
2025-09-11T14:30:00+00:00,4407.23,4433.91,4406.3,4428.24,59528.287
2025-09-11T14:45:00+00:00,4428.23,4431.38,4416.0,4425.01,27908.776
2025-09-11T15:00:00+00:00,4425.01,4430.5,4416.21,4418.88,28197.196
2025-09-11T15:15:00+00:00,4418.88,4430.0,4411.0,4414.58,31758.818
2025-09-11T15:30:00+00:00,4414.59,4421.0,4406.73,4409.86,27569.984
2025-09-11T15:45:00+00:00,4409.85,4412.7,4399.0,4410.85,46232.047
2025-09-11T16:00:00+00:00,4410.85,4421.72,4410.85,4418.76,27121.484
2025-09-11T16:15:00+00:00,4418.76,4424.69,4410.0,4410.0,21424.853
2025-09-11T16:30:00+00:00,4410.01,4421.0,4405.81,4416.45,24087.21
2025-09-11T16:45:00+00:00,4416.45,4417.69,4406.32,4416.23,15530.732
2025-09-11T17:00:00+00:00,4416.23,4432.33,4411.73,4429.45,38195.305
2025-09-11T17:15:00+00:00,4429.45,4437.42,4425.14,4426.07,30675.003
2025-09-11T17:30:00+00:00,4426.08,4440.81,4426.08,4434.69,24053.365
2025-09-11T17:45:00+00:00,4434.7,4439.35,4426.15,4431.84,16605.775
2025-09-11T18:00:00+00:00,4431.84,4436.59,4423.27,4423.3,12768.227
2025-09-11T18:15:00+00:00,4423.31,4423.31,4410.6,4415.27,22790.174
2025-09-11T18:30:00+00:00,4415.26,4422.68,4406.0,4422.05,21773.302
2025-09-11T18:45:00+00:00,4422.04,4422.98,4412.26,4418.56,13763.509
2025-09-11T19:00:00+00:00,4418.56,4422.9,4412.0,4413.0,13045.477
2025-09-11T19:15:00+00:00,4412.99,4427.78,4411.29,4421.63,13362.646
2025-09-11T19:30:00+00:00,4421.63,4427.96,4420.0,4424.63,10791.402
2025-09-11T19:45:00+00:00,4424.63,4429.48,4420.51,4422.42,14306.069
2025-09-11T20:00:00+00:00,4422.43,4425.65,4413.75,4414.15,9382.259
2025-09-11T20:15:00+00:00,4414.14,4422.19,4414.14,4417.77,10812.858
2025-09-11T20:30:00+00:00,4417.77,4420.5,4414.23,4414.79,6581.56
2025-09-11T20:45:00+00:00,4414.79,4419.0,4413.94,4416.0,6870.204
2025-09-11T21:00:00+00:00,4415.99,4422.76,4414.2,4419.06,6736.995
2025-09-11T21:15:00+00:00,4419.06,4421.56,4415.0,4418.03,3564.256
2025-09-11T21:30:00+00:00,4418.04,4422.32,4417.7,4421.7,3920.798
2025-09-11T21:45:00+00:00,4421.69,4429.0,4419.15,4427.7,6868.189
2025-09-11T22:00:00+00:00,4427.71,4430.57,4422.5,4426.0,13863.947
2025-09-11T22:15:00+00:00,4426.0,4450.58,4426.0,4442.45,47833.123
2025-09-11T22:30:00+00:00,4442.45,4452.0,4436.67,4446.59,24627.384
2025-09-11T22:45:00+00:00,4446.58,4460.57,4446.58,4451.61,28679.315
2025-09-11T23:00:00+00:00,4451.62,4467.6,4449.67,4464.03,22005.081
2025-09-11T23:15:00+00:00,4464.04,4467.54,4458.4,4459.84,16111.894
2025-09-11T23:30:00+00:00,4459.85,4460.65,4452.03,4458.3,16369.056
2025-09-11T23:45:00+00:00,4458.3,4462.44,4454.33,4456.5,10529.123
2025-09-12T00:00:00+00:00,4456.5,4463.33,4450.38,4454.99,21025.475
2025-09-12T00:15:00+00:00,4454.99,4469.94,4448.4,4462.0,25538.312
2025-09-12T00:30:00+00:00,4462.0,4517.98,4460.82,4507.49,138392.743
2025-09-12T00:45:00+00:00,4507.49,4539.99,4491.39,4511.13,151930.612
2025-09-12T01:00:00+00:00,4511.14,4530.0,4511.14,4529.99,45927.848
2025-09-12T01:15:00+00:00,4529.99,4531.49,4517.0,4521.09,32503.429
2025-09-12T01:30:00+00:00,4521.09,4521.39,4506.34,4512.0,37819.886
2025-09-12T01:45:00+00:00,4511.99,4513.98,4493.58,4496.71,47348.32
2025-09-12T02:00:00+00:00,4496.7,4512.31,4495.0,4508.0,33142.684
2025-09-12T02:15:00+00:00,4508.0,4522.04,4508.0,4513.83,24304.528
2025-09-12T02:30:00+00:00,4513.83,4523.33,4506.4,4513.7,16691.292
2025-09-12T02:45:00+00:00,4513.7,4513.71,4502.62,4506.42,21509.521
2025-09-12T03:00:00+00:00,4506.43,4508.17,4496.66,4501.0,20516.271
2025-09-12T03:15:00+00:00,4501.0,4507.76,4498.38,4500.78,19363.755
2025-09-12T03:30:00+00:00,4500.79,4505.81,4486.31,4496.04,42873.7
2025-09-12T03:45:00+00:00,4496.05,4506.0,4495.04,4504.79,33674.154
2025-09-12T04:00:00+00:00,4504.79,4511.7,4499.0,4508.54,20826.843
2025-09-12T04:15:00+00:00,4508.54,4519.0,4506.63,4516.98,27635.789
2025-09-12T04:30:00+00:00,4516.98,4521.52,4514.83,4518.45,33227.621
2025-09-12T04:45:00+00:00,4518.44,4523.73,4514.0,4519.72,19526.527
2025-09-12T05:00:00+00:00,4519.72,4522.52,4513.18,4515.74,15014.959
2025-09-12T05:15:00+00:00,4515.74,4529.59,4515.32,4518.75,31275.263
2025-09-12T05:30:00+00:00,4518.76,4528.72,4516.25,4527.82,16147.817
2025-09-12T05:45:00+00:00,4527.82,4558.12,4526.93,4556.77,100250.259
2025-09-12T06:00:00+00:00,4556.78,4562.0,4546.22,4546.34,45922.699
2025-09-12T06:15:00+00:00,4546.34,4554.27,4542.32,4544.62,27704.118
2025-09-12T06:30:00+00:00,4544.63,4549.0,4536.19,4541.5,24883.242
2025-09-12T06:45:00+00:00,4541.5,4542.59,4530.77,4538.19,27550.387
2025-09-12T07:00:00+00:00,4538.19,4549.78,4536.1,4545.18,19679.825
2025-09-12T07:15:00+00:00,4545.18,4551.0,4535.52,4538.25,17662.935
2025-09-12T07:30:00+00:00,4538.24,4538.25,4526.21,4528.61,38176.869
2025-09-12T07:45:00+00:00,4528.61,4530.6,4524.0,4525.64,19094.904
2025-09-12T08:00:00+00:00,4525.65,4533.0,4518.34,4525.01,36202.224
2025-09-12T08:15:00+00:00,4525.01,4527.0,4512.59,4520.87,41220.18
2025-09-12T08:30:00+00:00,4520.86,4522.3,4515.5,4518.47,13215.724
2025-09-12T08:45:00+00:00,4518.46,4520.0,4513.0,4517.63,21210.237
2025-09-12T09:00:00+00:00,4517.63,4525.1,4517.16,4523.0,15488.126
2025-09-12T09:15:00+00:00,4523.0,4523.64,4514.33,4517.41,14160.398
2025-09-12T09:30:00+00:00,4517.41,4527.63,4517.21,4517.98,16506.069
2025-09-12T09:45:00+00:00,4517.99,4521.46,4504.44,4515.34,34042.097
2025-09-12T10:00:00+00:00,4515.33,4523.0,4508.08,4517.0,15740.818
2025-09-12T10:15:00+00:00,4517.0,4517.0,4507.03,4511.36,15332.65
2025-09-12T10:30:00+00:00,4511.35,4514.96,4509.35,4511.91,10692.41
2025-09-12T10:45:00+00:00,4511.91,4517.1,4509.09,4516.35,12599.432
2025-09-12T11:00:00+00:00,4516.35,4525.52,4513.7,4520.5,17591.35
2025-09-12T11:15:00+00:00,4520.5,4537.33,4520.5,4534.31,29543.324
2025-09-12T11:30:00+00:00,4534.31,4534.91,4524.01,4525.33,16452.938
2025-09-12T11:45:00+00:00,4525.33,4525.5,4515.54,4520.38,15445.083
2025-09-12T12:00:00+00:00,4520.39,4521.97,4502.01,4511.74,29518.504
2025-09-12T12:15:00+00:00,4511.73,4520.28,4508.75,4518.44,19424.137
2025-09-12T12:30:00+00:00,4518.44,4520.0,4510.85,4517.85,8027.822
2025-09-12T12:45:00+00:00,4517.84,4531.55,4516.0,4525.45,22170.689
2025-09-12T13:00:00+00:00,4525.46,4528.8,4520.12,4521.21,14853.589
2025-09-12T13:15:00+00:00,4521.22,4522.1,4515.58,4517.76,13540.013
2025-09-12T13:30:00+00:00,4517.77,4525.44,4505.8,4514.5,35977.461
2025-09-12T13:45:00+00:00,4514.49,4543.0,4510.27,4538.8,54363.525
2025-09-12T14:00:00+00:00,4538.79,4563.5,4530.52,4544.99,108820.996
2025-09-12T14:15:00+00:00,4545.0,4571.66,4541.63,4557.89,84955.572
2025-09-12T14:30:00+00:00,4557.9,4563.63,4524.0,4524.74,76764.935
2025-09-12T14:45:00+00:00,4524.75,4546.4,4524.75,4545.99,30936.314
2025-09-12T15:00:00+00:00,4545.98,4548.88,4529.29,4532.5,33203.447
2025-09-12T15:15:00+00:00,4532.5,4543.12,4529.21,4531.26,19610.486
2025-09-12T15:30:00+00:00,4531.26,4542.95,4526.84,4539.99,21019.111
2025-09-12T15:45:00+00:00,4540.0,4551.03,4537.35,4541.0,25018.978
2025-09-12T16:00:00+00:00,4541.0,4547.35,4532.14,4547.04,23356.593
2025-09-12T16:15:00+00:00,4547.04,4571.99,4544.01,4568.33,60196.214
2025-09-12T16:30:00+00:00,4568.33,4575.76,4551.6,4558.15,47989.215
2025-09-12T16:45:00+00:00,4558.15,4575.34,4555.84,4574.15,30376.927
2025-09-12T17:00:00+00:00,4574.15,4576.93,4563.5,4575.53,29733.758
2025-09-12T17:15:00+00:00,4575.53,4591.85,4569.32,4587.99,74832.929
2025-09-12T17:30:00+00:00,4588.0,4619.32,4586.05,4616.39,123252.385
2025-09-12T17:45:00+00:00,4616.4,4627.88,4602.09,4611.52,82211.397
2025-09-12T18:00:00+00:00,4611.52,4614.29,4598.24,4610.55,33553.239
2025-09-12T18:15:00+00:00,4610.56,4619.69,4606.6,4614.43,26055.512
2025-09-12T18:30:00+00:00,4614.42,4626.59,4611.71,4613.79,37161.996
2025-09-12T18:45:00+00:00,4613.79,4623.87,4610.0,4623.59,18186.344
2025-09-12T19:00:00+00:00,4623.6,4625.73,4615.5,4618.56,20344.785
2025-09-12T19:15:00+00:00,4618.56,4628.88,4612.0,4627.99,27366.738
2025-09-12T19:30:00+00:00,4627.99,4645.97,4622.0,4643.3,75485.572
2025-09-12T19:45:00+00:00,4643.3,4660.0,4641.16,4656.92,78532.008
2025-09-12T20:00:00+00:00,4656.92,4657.2,4637.62,4641.93,64033.224
2025-09-12T20:15:00+00:00,4641.92,4645.9,4630.89,4643.93,31662.524
2025-09-12T20:30:00+00:00,4643.93,4667.99,4643.54,4664.8,39856.619
2025-09-12T20:45:00+00:00,4664.87,4693.0,4663.2,4670.33,100677.424
2025-09-12T21:00:00+00:00,4670.32,4671.96,4657.38,4669.32,46393.291
2025-09-12T21:15:00+00:00,4669.32,4671.19,4655.0,4659.72,15549.689
2025-09-12T21:30:00+00:00,4659.73,4659.73,4642.89,4650.09,26557.424
2025-09-12T21:45:00+00:00,4650.09,4655.91,4650.0,4650.0,15165.955
2025-09-12T22:00:00+00:00,4650.01,4668.99,4650.0,4663.87,20807.255
2025-09-12T22:15:00+00:00,4663.87,4756.39,4663.4,4715.94,164776.265
2025-09-12T22:30:00+00:00,4715.94,4727.94,4695.0,4697.91,48746.447
2025-09-12T22:45:00+00:00,4697.92,4708.35,4689.0,4695.4,30707.041
2025-09-12T23:00:00+00:00,4695.4,4697.0,4676.72,4679.56,33520.989
2025-09-12T23:15:00+00:00,4679.56,4712.57,4671.57,4707.01,44112.834
2025-09-12T23:30:00+00:00,4707.0,4707.11,4693.75,4695.61,17070.113
2025-09-12T23:45:00+00:00,4695.6,4714.74,4694.04,4711.81,27561.943
2025-09-13T00:00:00+00:00,4711.82,4719.12,4697.31,4699.1,27748.823
2025-09-13T00:15:00+00:00,4699.09,4710.0,4697.0,4698.94,13485.876
2025-09-13T00:30:00+00:00,4698.94,4705.77,4698.17,4701.06,13318.769
2025-09-13T00:45:00+00:00,4701.0,4712.0,4700.0,4705.75,19254.142
2025-09-13T01:00:00+00:00,4705.74,4733.74,4702.12,4721.62,36466.734
2025-09-13T01:15:00+00:00,4721.62,4735.0,4711.4,4713.35,27434.776
2025-09-13T01:30:00+00:00,4713.34,4723.76,4711.93,4712.18,16909.254
2025-09-13T01:45:00+00:00,4712.19,4713.55,4700.01,4700.1,25307.443
2025-09-13T02:00:00+00:00,4700.1,4714.79,4692.5,4709.13,30439.091
2025-09-13T02:15:00+00:00,4709.13,4712.61,4700.22,4708.37,13927.824
2025-09-13T02:30:00+00:00,4708.36,4708.41,4700.0,4704.47,8524.722
2025-09-13T02:45:00+00:00,4704.47,4707.0,4700.5,4703.57,8100.182
2025-09-13T03:00:00+00:00,4703.56,4714.22,4702.01,4713.45,15404.388
2025-09-13T03:15:00+00:00,4713.44,4729.2,4711.0,4725.33,44810.56
2025-09-13T03:30:00+00:00,4725.34,4748.86,4721.52,4746.2,53518.59
2025-09-13T03:45:00+00:00,4746.2,4768.0,4740.01,4755.57,76983.483
2025-09-13T04:00:00+00:00,4755.57,4756.0,4738.32,4738.82,39248.183
2025-09-13T04:15:00+00:00,4738.82,4744.33,4734.44,4735.12,21298.161
2025-09-13T04:30:00+00:00,4735.13,4747.98,4735.12,4746.81,17840.222
2025-09-13T04:45:00+00:00,4746.8,4754.44,4741.75,4741.86,19515.129
2025-09-13T05:00:00+00:00,4741.86,4742.44,4725.76,4730.92,34689.836
2025-09-13T05:15:00+00:00,4730.91,4730.97,4720.0,4722.2,30518.084
2025-09-13T05:30:00+00:00,4722.19,4726.05,4717.51,4724.9,15457.172
2025-09-13T05:45:00+00:00,4724.9,4724.9,4719.13,4723.7,9065.876
2025-09-13T06:00:00+00:00,4723.71,4731.0,4720.0,4729.01,17236.668
2025-09-13T06:15:00+00:00,4729.01,4729.02,4711.01,4716.05,34314.713
2025-09-13T06:30:00+00:00,4716.05,4720.55,4710.24,4714.45,19170.054
2025-09-13T06:45:00+00:00,4714.45,4714.45,4701.01,4711.6,37728.648
2025-09-13T07:00:00+00:00,4711.6,4715.97,4708.0,4715.68,10424.0
2025-09-13T07:15:00+00:00,4715.68,4722.0,4715.0,4719.37,15802.717
2025-09-13T07:30:00+00:00,4719.37,4723.84,4713.75,4715.5,10980.389
2025-09-13T07:45:00+00:00,4715.49,4715.97,4711.31,4711.61,6408.681
2025-09-13T08:00:00+00:00,4711.61,4720.97,4711.6,4718.74,11278.778
2025-09-13T08:15:00+00:00,4718.74,4721.81,4715.05,4717.88,14015.425
2025-09-13T08:30:00+00:00,4717.88,4728.44,4716.01,4724.24,20947.59
2025-09-13T08:45:00+00:00,4724.25,4733.2,4720.6,4731.12,17395.464
2025-09-13T09:00:00+00:00,4731.12,4731.8,4725.06,4728.36,15049.111
2025-09-13T09:15:00+00:00,4728.37,4728.37,4721.11,4721.44,9333.159
2025-09-13T09:30:00+00:00,4721.44,4726.8,4720.88,4726.26,16347.816
2025-09-13T09:45:00+00:00,4726.26,4734.39,4724.53,4733.0,13606.69
2025-09-13T10:00:00+00:00,4733.0,4739.96,4726.47,4735.23,23924.997
2025-09-13T10:15:00+00:00,4735.23,4737.43,4720.84,4720.97,14812.959
2025-09-13T10:30:00+00:00,4720.97,4720.97,4710.83,4720.0,22519.502
2025-09-13T10:45:00+00:00,4720.0,4721.83,4712.04,4718.15,15522.449
2025-09-13T11:00:00+00:00,4718.15,4719.83,4708.98,4711.36,14945.608
2025-09-13T11:15:00+00:00,4711.35,4714.45,4709.39,4714.39,9197.661
2025-09-13T11:30:00+00:00,4714.4,4726.53,4713.34,4725.01,17593.071
2025-09-13T11:45:00+00:00,4725.0,4725.0,4720.0,4720.64,5615.288
2025-09-13T12:00:00+00:00,4720.64,4720.65,4714.08,4717.09,9065.143
2025-09-13T12:15:00+00:00,4717.09,4718.93,4715.0,4718.88,5611.193
2025-09-13T12:30:00+00:00,4718.87,4730.85,4718.87,4723.64,20252.341
2025-09-13T12:45:00+00:00,4723.64,4725.16,4720.08,4720.32,6528.199
2025-09-13T13:00:00+00:00,4720.32,4721.59,4714.5,4720.5,10474.63
2025-09-13T13:15:00+00:00,4720.5,4726.01,4715.0,4724.5,12220.15
2025-09-13T13:30:00+00:00,4724.49,4724.5,4711.91,4712.4,16826.107
2025-09-13T13:45:00+00:00,4712.4,4713.61,4651.0,4685.87,190454.922
2025-09-13T14:00:00+00:00,4685.87,4690.83,4667.0,4684.86,62079.266
2025-09-13T14:15:00+00:00,4684.86,4711.0,4682.62,4701.45,50777.868
2025-09-13T14:30:00+00:00,4701.45,4703.69,4689.51,4696.88,22069.592
2025-09-13T14:45:00+00:00,4696.88,4701.25,4689.0,4689.01,17525.171
2025-09-13T15:00:00+00:00,4689.0,4699.38,4689.0,4695.24,18106.463
2025-09-13T15:15:00+00:00,4695.24,4706.6,4672.57,4681.91,39268.931
2025-09-13T15:30:00+00:00,4681.91,4682.24,4642.73,4656.85,103426.467
2025-09-13T15:45:00+00:00,4656.85,4663.68,4650.59,4655.33,35726.398
2025-09-13T16:00:00+00:00,4655.33,4669.17,4631.0,4634.8,94710.824
2025-09-13T16:15:00+00:00,4634.79,4643.0,4622.86,4640.54,52112.802
2025-09-13T16:30:00+00:00,4640.53,4648.36,4625.96,4637.65,30906.3
2025-09-13T16:45:00+00:00,4637.66,4639.86,4617.05,4624.97,46396.566
2025-09-13T17:00:00+00:00,4624.97,4627.59,4606.63,4608.84,65167.475
2025-09-13T17:15:00+00:00,4608.84,4631.97,4608.84,4623.1,32800.603
2025-09-13T17:30:00+00:00,4623.1,4639.69,4622.23,4635.06,22292.483
2025-09-13T17:45:00+00:00,4635.07,4643.74,4632.35,4635.24,15351.318
2025-09-13T18:00:00+00:00,4635.24,4645.96,4626.01,4644.4,23517.174
2025-09-13T18:15:00+00:00,4644.4,4654.78,4637.54,4649.63,22619.858
2025-09-13T18:30:00+00:00,4649.63,4649.86,4638.03,4647.29,11103.445
2025-09-13T18:45:00+00:00,4647.29,4647.99,4641.85,4644.44,8852.179
2025-09-13T19:00:00+00:00,4644.44,4650.93,4637.54,4640.74,10639.916
2025-09-13T19:15:00+00:00,4640.75,4646.28,4636.42,4643.83,9787.875
2025-09-13T19:30:00+00:00,4643.87,4649.68,4642.5,4645.78,10312.293
2025-09-13T19:45:00+00:00,4645.78,4646.88,4639.16,4639.5,5473.863
2025-09-13T20:00:00+00:00,4639.5,4664.4,4638.48,4659.23,33242.266
2025-09-13T20:15:00+00:00,4659.22,4661.98,4652.0,4657.21,9755.463
2025-09-13T20:30:00+00:00,4657.21,4661.94,4652.0,4652.65,8490.975
2025-09-13T20:45:00+00:00,4652.65,4659.71,4650.68,4658.81,9101.354
2025-09-13T21:00:00+00:00,4658.8,4668.13,4658.24,4660.59,11118.335
2025-09-13T21:15:00+00:00,4660.6,4669.69,4658.87,4664.22,5837.182
2025-09-13T21:30:00+00:00,4664.22,4665.03,4659.14,4661.25,3957.544
2025-09-13T21:45:00+00:00,4661.25,4666.15,4657.25,4664.86,3978.723
2025-09-13T22:00:00+00:00,4664.87,4667.69,4662.51,4663.28,4697.958
2025-09-13T22:15:00+00:00,4663.29,4663.29,4655.02,4658.52,4852.434
2025-09-13T22:30:00+00:00,4658.52,4658.99,4648.01,4656.9,10359.696
2025-09-13T22:45:00+00:00,4656.91,4660.99,4654.61,4660.31,4382.533
2025-09-13T23:00:00+00:00,4660.32,4667.49,4660.3,4666.82,8854.799
2025-09-13T23:15:00+00:00,4666.82,4674.44,4661.32,4661.32,16993.226
2025-09-13T23:30:00+00:00,4661.33,4664.85,4657.75,4660.77,6641.846
2025-09-13T23:45:00+00:00,4660.77,4669.65,4660.76,4668.0,6652.452
2025-09-14T00:00:00+00:00,4668.0,4679.54,4666.5,4678.0,14691.442
2025-09-14T00:15:00+00:00,4678.0,4681.35,4670.24,4675.93,12636.878
2025-09-14T00:30:00+00:00,4676.0,4682.99,4668.54,4669.19,13004.954
2025-09-14T00:45:00+00:00,4669.2,4675.0,4660.39,4671.1,14613.331
2025-09-14T01:00:00+00:00,4671.11,4671.11,4655.69,4656.55,15317.066
2025-09-14T01:15:00+00:00,4656.55,4662.69,4652.6,4661.47,12326.309
2025-09-14T01:30:00+00:00,4661.48,4667.74,4657.23,4667.16,8010.658
2025-09-14T01:45:00+00:00,4667.17,4680.18,4663.0,4674.44,16902.508
2025-09-14T02:00:00+00:00,4674.44,4692.0,4672.23,4691.0,25610.877
2025-09-14T02:15:00+00:00,4690.99,4694.97,4681.0,4682.61,15898.686
2025-09-14T02:30:00+00:00,4682.61,4682.61,4672.5,4680.0,13357.274
2025-09-14T02:45:00+00:00,4680.0,4686.77,4676.09,4684.29,10906.219
2025-09-14T03:00:00+00:00,4684.29,4687.97,4673.0,4676.92,13414.721
2025-09-14T03:15:00+00:00,4676.93,4679.0,4668.45,4674.87,8951.127
2025-09-14T03:30:00+00:00,4674.86,4680.0,4671.0,4674.88,9248.449
2025-09-14T03:45:00+00:00,4674.91,4677.2,4662.68,4664.99,18284.522
2025-09-14T04:00:00+00:00,4664.99,4666.8,4655.0,4658.11,24247.332
2025-09-14T04:15:00+00:00,4658.11,4662.73,4635.79,4660.11,54747.98
2025-09-14T04:30:00+00:00,4660.12,4668.0,4659.55,4668.0,12787.908
2025-09-14T04:45:00+00:00,4667.99,4669.97,4659.36,4661.0,11910.727
2025-09-14T05:00:00+00:00,4661.0,4675.67,4660.01,4669.92,12176.205
2025-09-14T05:15:00+00:00,4669.92,4681.0,4669.06,4678.41,15393.277
2025-09-14T05:30:00+00:00,4678.41,4681.73,4675.0,4675.54,10519.666
2025-09-14T05:45:00+00:00,4675.54,4679.1,4674.81,4677.56,5463.563
2025-09-14T06:00:00+00:00,4677.56,4683.49,4667.5,4671.72,16156.252
2025-09-14T06:15:00+00:00,4671.72,4675.44,4666.49,4672.41,10083.802
2025-09-14T06:30:00+00:00,4672.42,4673.42,4663.0,4664.02,12157.605
2025-09-14T06:45:00+00:00,4664.02,4670.87,4661.36,4668.58,6498.5
2025-09-14T07:00:00+00:00,4668.59,4668.59,4660.5,4662.86,6429.026
2025-09-14T07:15:00+00:00,4662.86,4670.28,4660.08,4667.84,6931.286
2025-09-14T07:30:00+00:00,4667.83,4669.88,4661.5,4661.59,5111.416
2025-09-14T07:45:00+00:00,4661.59,4662.37,4643.29,4653.01,28733.147
2025-09-14T08:00:00+00:00,4653.01,4656.9,4647.37,4656.73,15982.65
2025-09-14T08:15:00+00:00,4656.73,4663.6,4650.25,4659.22,9752.551
2025-09-14T08:30:00+00:00,4659.22,4665.67,4658.51,4664.94,7283.026
2025-09-14T08:45:00+00:00,4664.94,4666.66,4654.44,4657.79,9230.993
2025-09-14T09:00:00+00:00,4657.78,4665.73,4654.1,4662.68,9206.702
2025-09-14T09:15:00+00:00,4662.67,4675.66,4660.94,4669.33,20210.532
2025-09-14T09:30:00+00:00,4669.32,4676.5,4668.54,4671.0,9249.69
2025-09-14T09:45:00+00:00,4670.99,4672.98,4666.11,4667.24,7915.267
2025-09-14T10:00:00+00:00,4667.23,4671.7,4663.18,4663.75,5921.662
2025-09-14T10:15:00+00:00,4663.74,4670.0,4658.7,4660.0,8212.735
2025-09-14T10:30:00+00:00,4660.0,4662.99,4659.01,4660.97,6276.728
2025-09-14T10:45:00+00:00,4660.97,4665.64,4660.5,4661.91,3867.839
2025-09-14T11:00:00+00:00,4661.91,4670.66,4661.91,4664.51,6883.875
2025-09-14T11:15:00+00:00,4664.51,4665.82,4639.0,4642.5,36991.271
2025-09-14T11:30:00+00:00,4642.5,4646.0,4630.88,4633.96,32222.774
2025-09-14T11:45:00+00:00,4633.95,4641.4,4628.61,4637.18,20986.312
2025-09-14T12:00:00+00:00,4637.19,4643.0,4633.78,4637.16,14583.604
2025-09-14T12:15:00+00:00,4637.16,4646.49,4637.16,4644.55,14852.606
2025-09-14T12:30:00+00:00,4644.55,4646.85,4628.06,4630.0,17209.708
2025-09-14T12:45:00+00:00,4629.99,4637.41,4616.06,4634.81,54539.37
2025-09-14T13:00:00+00:00,4634.81,4637.49,4620.05,4626.09,25349.828
2025-09-14T13:15:00+00:00,4626.09,4630.26,4610.23,4618.0,32640.655
2025-09-14T13:30:00+00:00,4618.0,4629.0,4614.41,4623.59,20622.945
2025-09-14T13:45:00+00:00,4623.59,4626.77,4608.0,4614.6,37975.153
2025-09-14T14:00:00+00:00,4614.61,4646.68,4614.0,4634.3,53964.705
2025-09-14T14:15:00+00:00,4634.29,4634.66,4609.0,4616.85,48143.041
2025-09-14T14:30:00+00:00,4616.86,4622.1,4580.68,4593.98,142190.66
2025-09-14T14:45:00+00:00,4593.97,4608.0,4583.11,4603.45,49085.31
2025-09-14T15:00:00+00:00,4603.45,4606.6,4577.9,4589.71,49565.731
2025-09-14T15:15:00+00:00,4589.71,4597.8,4588.0,4590.28,20023.838
2025-09-14T15:30:00+00:00,4590.27,4597.8,4581.66,4588.29,24073.534
2025-09-14T15:45:00+00:00,4588.3,4592.0,4581.01,4584.07,15675.037
2025-09-14T16:00:00+00:00,4584.07,4602.49,4581.5,4590.63,27478.939
2025-09-14T16:15:00+00:00,4590.63,4611.04,4589.98,4609.1,28822.706
2025-09-14T16:30:00+00:00,4609.09,4612.92,4601.26,4609.59,17304.728
2025-09-14T16:45:00+00:00,4609.58,4609.59,4596.0,4598.94,14441.491
2025-09-14T17:00:00+00:00,4598.94,4608.05,4592.64,4607.8,16618.612
2025-09-14T17:15:00+00:00,4607.79,4627.4,4606.13,4619.45,32134.783
2025-09-14T17:30:00+00:00,4619.46,4628.5,4616.04,4626.55,14705.316
2025-09-14T17:45:00+00:00,4626.55,4632.48,4619.0,4622.17,19382.067
2025-09-14T18:00:00+00:00,4622.17,4623.3,4614.47,4619.9,9226.616
2025-09-14T18:15:00+00:00,4619.89,4619.89,4611.69,4613.52,8078.131
2025-09-14T18:30:00+00:00,4613.51,4617.0,4608.0,4609.93,9162.568
2025-09-14T18:45:00+00:00,4609.94,4611.91,4602.6,4606.15,10160.094
2025-09-14T19:00:00+00:00,4606.16,4616.74,4594.52,4614.37,18331.069
2025-09-14T19:15:00+00:00,4614.37,4623.44,4612.71,4622.8,8093.561
2025-09-14T19:30:00+00:00,4622.8,4627.79,4620.41,4623.81,9557.482
2025-09-14T19:45:00+00:00,4623.82,4626.68,4612.06,4618.07,8260.264
2025-09-14T20:00:00+00:00,4618.08,4630.0,4616.3,4628.13,9620.477
2025-09-14T20:15:00+00:00,4628.14,4630.0,4621.0,4623.54,7709.778
2025-09-14T20:30:00+00:00,4623.54,4626.51,4617.3,4626.0,4237.325
2025-09-14T20:45:00+00:00,4626.0,4626.85,4616.98,4619.33,5000.649
2025-09-14T21:00:00+00:00,4619.33,4621.5,4600.11,4619.56,13563.156
2025-09-14T21:15:00+00:00,4619.56,4625.37,4617.24,4617.24,8566.26
2025-09-14T21:30:00+00:00,4617.24,4638.0,4617.24,4636.84,13127.951
2025-09-14T21:45:00+00:00,4636.84,4638.88,4626.11,4632.42,13499.519
2025-09-14T22:00:00+00:00,4632.43,4634.75,4612.76,4621.62,14831.14
2025-09-14T22:15:00+00:00,4621.61,4624.4,4617.64,4622.1,5842.007
2025-09-14T22:30:00+00:00,4622.11,4634.28,4620.0,4633.02,9791.141
2025-09-14T22:45:00+00:00,4633.01,4638.14,4630.41,4630.8,17380.867
2025-09-14T23:00:00+00:00,4630.71,4632.23,4610.52,4614.95,17290.476
2025-09-14T23:15:00+00:00,4614.95,4621.82,4610.18,4612.57,15420.227
2025-09-14T23:30:00+00:00,4612.56,4613.33,4604.0,4608.06,11770.982
2025-09-14T23:45:00+00:00,4608.06,4614.34,4604.0,4606.11,10563.856
2025-09-15T00:00:00+00:00,4606.11,4610.7,4595.25,4599.95,32562.947
2025-09-15T00:15:00+00:00,4599.95,4617.65,4588.0,4616.44,29559.348
2025-09-15T00:30:00+00:00,4616.45,4617.61,4603.33,4603.67,15432.078
2025-09-15T00:45:00+00:00,4603.68,4613.82,4601.5,4603.15,10003.446
2025-09-15T01:00:00+00:00,4603.15,4606.82,4582.34,4586.36,29909.809
2025-09-15T01:15:00+00:00,4586.36,4607.47,4581.33,4604.79,25904.379
2025-09-15T01:30:00+00:00,4604.79,4623.33,4603.9,4618.05,28438.866
2025-09-15T01:45:00+00:00,4618.04,4624.99,4611.45,4619.31,14022.737
2025-09-15T02:00:00+00:00,4619.3,4631.29,4618.39,4623.75,24471.11
2025-09-15T02:15:00+00:00,4623.74,4628.85,4618.43,4618.45,10996.416
2025-09-15T02:30:00+00:00,4618.46,4622.6,4611.58,4622.0,11024.489
2025-09-15T02:45:00+00:00,4622.0,4626.62,4616.11,4621.94,8002.051
2025-09-15T03:00:00+00:00,4621.95,4636.67,4620.5,4633.35,19573.53
2025-09-15T03:15:00+00:00,4633.35,4637.45,4627.68,4631.0,12746.185
2025-09-15T03:30:00+00:00,4630.99,4634.9,4624.04,4630.74,10308.214
2025-09-15T03:45:00+00:00,4630.75,4644.42,4630.75,4636.91,25901.605
2025-09-15T04:00:00+00:00,4636.91,4653.71,4636.9,4643.72,38489.51
2025-09-15T04:15:00+00:00,4643.72,4661.62,4641.47,4648.6,47020.469
2025-09-15T04:30:00+00:00,4648.6,4655.61,4644.15,4645.59,19416.208
2025-09-15T04:45:00+00:00,4645.59,4650.32,4640.82,4643.52,12986.534
2025-09-15T05:00:00+00:00,4643.59,4653.2,4640.7,4650.69,12902.62
2025-09-15T05:15:00+00:00,4650.69,4666.0,4650.6,4660.55,34030.444
2025-09-15T05:30:00+00:00,4660.54,4663.0,4656.34,4657.4,10842.091
2025-09-15T05:45:00+00:00,4657.4,4663.5,4655.47,4662.87,15351.78
2025-09-15T06:00:00+00:00,4662.87,4671.69,4655.69,4665.98,31818.476
2025-09-15T06:15:00+00:00,4665.99,4669.46,4651.15,4651.95,22358.543
2025-09-15T06:30:00+00:00,4651.95,4654.48,4634.02,4640.51,54087.072
2025-09-15T06:45:00+00:00,4640.5,4641.47,4618.0,4630.77,53532.263
2025-09-15T07:00:00+00:00,4630.76,4641.23,4629.31,4639.01,23633.931
2025-09-15T07:15:00+00:00,4639.01,4643.5,4625.26,4626.56,24829.421
2025-09-15T07:30:00+00:00,4626.55,4626.56,4596.01,4607.82,83516.558
2025-09-15T07:45:00+00:00,4607.86,4611.8,4588.01,4598.6,61391.386
2025-09-15T08:00:00+00:00,4598.6,4598.6,4542.0,4566.08,215224.924
2025-09-15T08:15:00+00:00,4566.08,4571.91,4555.0,4561.54,52291.779
2025-09-15T08:30:00+00:00,4561.54,4563.91,4548.0,4554.47,41590.783
2025-09-15T08:45:00+00:00,4554.47,4555.0,4508.28,4510.89,216612.264
2025-09-15T09:00:00+00:00,4510.88,4531.06,4496.26,4517.98,133461.98
2025-09-15T09:15:00+00:00,4517.97,4534.0,4507.0,4528.97,74527.136
2025-09-15T09:30:00+00:00,4528.97,4534.61,4518.0,4526.85,29912.042
2025-09-15T09:45:00+00:00,4526.86,4526.93,4515.09,4526.0,19610.132
2025-09-15T10:00:00+00:00,4525.99,4527.0,4506.8,4509.19,36571.006
2025-09-15T10:15:00+00:00,4509.19,4521.2,4507.5,4519.2,19509.785
2025-09-15T10:30:00+00:00,4519.2,4525.98,4515.08,4524.6,13865.743
2025-09-15T10:45:00+00:00,4524.6,4535.88,4521.76,4529.41,24883.81
2025-09-15T11:00:00+00:00,4529.41,4536.29,4520.35,4534.78,23867.961
2025-09-15T11:15:00+00:00,4534.78,4537.56,4526.71,4528.73,18903.762
2025-09-15T11:30:00+00:00,4528.74,4538.5,4526.29,4532.37,12800.35
2025-09-15T11:45:00+00:00,4532.37,4532.89,4522.15,4529.72,14292.034
2025-09-15T12:00:00+00:00,4529.73,4532.12,4517.1,4530.03,23376.458
2025-09-15T12:15:00+00:00,4530.03,4536.37,4510.21,4514.3,30328.406
2025-09-15T12:30:00+00:00,4514.29,4527.69,4506.61,4527.69,22526.654
2025-09-15T12:45:00+00:00,4527.69,4528.0,4509.0,4514.82,20801.431
2025-09-15T13:00:00+00:00,4514.82,4526.1,4508.7,4524.53,22592.662
2025-09-15T13:15:00+00:00,4524.52,4530.89,4516.83,4527.72,16148.498
2025-09-15T13:30:00+00:00,4527.72,4541.37,4486.0,4497.0,138390.146
2025-09-15T13:45:00+00:00,4496.99,4524.99,4493.5,4515.13,69800.021
2025-09-15T14:00:00+00:00,4515.13,4518.0,4496.8,4510.16,39058.943
2025-09-15T14:15:00+00:00,4510.16,4529.4,4500.92,4527.0,32611.288
2025-09-15T14:30:00+00:00,4527.01,4529.59,4512.0,4525.44,28153.212
2025-09-15T14:45:00+00:00,4525.44,4528.0,4509.38,4510.1,18227.371
2025-09-15T15:00:00+00:00,4510.1,4520.85,4495.5,4500.36,36580.499
2025-09-15T15:15:00+00:00,4500.36,4504.05,4474.74,4490.46,105381.214
2025-09-15T15:30:00+00:00,4490.45,4491.51,4463.62,4479.06,86303.591
2025-09-15T15:45:00+00:00,4479.05,4510.46,4473.66,4498.9,65607.65
2025-09-15T16:00:00+00:00,4498.91,4506.29,4478.5,4504.3,44273.169
